date,Crude_Oil_WTI,Crude_Oil_Brent,Natural_Gas_Henry_Hub,Gasoline_Regular_Price,Propane_Mont_Belvieu,JOLTS_Job_Openings,JOLTS_Quits,JOLTS_Hires,JOLTS_Total_Separations,JOLTS_Layoffs_Discharges
2015-01-02,52.72,55.38,3.01,,0.49,5344.0,2764.0,5061.0,4886.0,1.3
2015-01-09,48.774,49.465999999999994,3.032,2.214,0.45380000000000004,5344.0,2764.0,5061.0,4886.0,1.3
2015-01-16,47.066,46.577999999999996,3.0799999999999996,2.139,0.4654,5344.0,2764.0,5061.0,4886.0,1.3
2015-01-23,46.457499999999996,46.4425,2.9475,2.066,0.50575,5344.0,2764.0,5061.0,4886.0,1.3
2015-01-30,45.326,46.763999999999996,2.9059999999999997,2.044,0.489,5344.0,2764.0,5061.0,4886.0,1.3
2015-02-06,50.576,54.616,2.7199999999999998,2.068,0.5348,5466.0,2741.0,5127.0,4869.0,1.2
2015-02-13,51.136,56.565999999999995,2.752,2.191,0.5642,5466.0,2741.0,5127.0,4869.0,1.2
2015-02-20,51.69,60.568000000000005,2.9025,2.274,0.59725,5466.0,2741.0,5127.0,4869.0,1.2
2015-02-27,49.156,60.632000000000005,3.13,2.332,0.601,5466.0,2741.0,5127.0,4869.0,1.2
2015-03-06,50.384,60.117999999999995,3.044,2.473,0.6012,5210.0,2754.0,5126.0,5102.0,1.4
2015-03-13,47.686,56.508,2.7619999999999996,2.487,0.5406000000000001,5210.0,2754.0,5126.0,5102.0,1.4
2015-03-20,44.394,52.720000000000006,2.804,2.453,0.5058,5210.0,2754.0,5126.0,5102.0,1.4
2015-03-27,48.684,55.013999999999996,2.7880000000000003,2.457,0.5316000000000001,5210.0,2754.0,5126.0,5102.0,1.4
2015-04-03,48.9075,54.785,2.635,2.448,0.521,5598.0,2705.0,5196.0,4944.0,1.3
2015-04-10,51.778,56.512,2.67,2.413,0.529,5598.0,2705.0,5196.0,4944.0,1.3
2015-04-17,54.779999999999994,59.11800000000001,2.612,2.408,0.5596,5598.0,2705.0,5196.0,4944.0,1.3
2015-04-24,56.138,61.412,2.594,2.485,0.5591999999999999,5598.0,2705.0,5196.0,4944.0,1.3
2015-05-01,57.976,63.49400000000001,2.568,2.57,0.5544,5563.0,2743.0,5142.0,4825.0,1.2
2015-05-08,59.726,65.006,2.752,2.664,0.5098,5563.0,2743.0,5142.0,4825.0,1.2
2015-05-15,60.013999999999996,64.902,2.8760000000000003,2.691,0.4946,5563.0,2743.0,5142.0,4825.0,1.2
2015-05-22,58.952,64.31,2.996,2.744,0.446,5563.0,2743.0,5142.0,4825.0,1.2
2015-05-29,58.185,61.57,2.8,2.774,0.403,5563.0,2743.0,5142.0,4825.0,1.2
2015-06-05,59.664,61.898,2.652,2.78,0.404,5248.0,2756.0,5125.0,4978.0,1.3
2015-06-12,60.072,63.238,2.778,2.78,0.3882,5248.0,2756.0,5125.0,4978.0,1.3
2015-06-19,59.891999999999996,60.653999999999996,2.9,2.835,0.35039999999999993,5248.0,2756.0,5125.0,4978.0,1.3
2015-06-26,60.013999999999996,60.84400000000001,2.804,2.812,0.3902,5248.0,2756.0,5125.0,4978.0,1.3
2015-07-03,57.9225,60.355999999999995,2.786,2.801,0.4205,6056.0,2764.0,5150.0,4848.0,1.2
2015-07-10,52.384,56.63199999999999,2.746,2.793,0.4034,6056.0,2764.0,5150.0,4848.0,1.2
2015-07-17,51.684000000000005,57.172000000000004,2.8939999999999997,2.834,0.41500000000000004,6056.0,2764.0,5150.0,4848.0,1.2
2015-07-24,49.212,55.754,2.88,2.802,0.41979999999999995,6056.0,2764.0,5150.0,4848.0,1.2
2015-07-31,47.910000000000004,54.136,2.87,2.745,0.392,6056.0,2764.0,5150.0,4848.0,1.2
2015-08-07,44.938,48.589999999999996,2.792,2.689,0.37,5467.0,2879.0,5163.0,5032.0,1.2
2015-08-14,43.198,47.944,2.8760000000000003,2.629,0.3742,5467.0,2879.0,5163.0,5032.0,1.2
2015-08-21,41.342,45.998000000000005,2.748,2.716,0.375,5467.0,2879.0,5163.0,5032.0,1.2
2015-08-28,40.726,43.528,2.694,2.637,0.3652,5467.0,2879.0,5163.0,5032.0,1.2
2015-09-04,46.730000000000004,48.8675,2.688,2.51,0.43360000000000004,5488.0,2778.0,5287.0,5110.0,1.4
2015-09-11,45.1625,47.596000000000004,2.7060000000000004,2.437,0.44025000000000003,5488.0,2778.0,5287.0,5110.0,1.4
2015-09-18,45.482,47.336,2.702,2.375,0.45280000000000004,5488.0,2778.0,5287.0,5110.0,1.4
2015-09-25,45.572,47.334,2.612,2.327,0.47539999999999993,5488.0,2778.0,5287.0,5110.0,1.4
2015-10-02,44.998000000000005,46.988,2.4880000000000004,2.322,0.46799999999999997,5773.0,2810.0,5338.0,5032.0,1.3
2015-10-09,48.36,51.33200000000001,2.3760000000000003,2.318,0.495,5773.0,2810.0,5338.0,5032.0,1.3
2015-10-16,46.82000000000001,48.994,2.476,2.337,0.4486,5773.0,2810.0,5338.0,5032.0,1.3
2015-10-23,45.156,46.81,2.382,2.277,0.4242,5773.0,2810.0,5338.0,5032.0,1.3
2015-10-30,44.989999999999995,47.15,2.118,2.228,0.4298,5773.0,2810.0,5338.0,5032.0,1.3
2015-11-06,45.982,47.230000000000004,2.022,2.224,0.45520000000000005,5708.0,2897.0,5358.0,5089.0,1.2
2015-11-13,42.696,44.751999999999995,2.106,2.235,0.42919999999999997,5708.0,2897.0,5358.0,5089.0,1.2
2015-11-20,40.62,41.544,2.09,2.178,0.41079999999999994,5708.0,2897.0,5358.0,5089.0,1.2
2015-11-27,40.4875,43.652,2.148,2.094,0.42725,5708.0,2897.0,5358.0,5089.0,1.2
2015-12-04,40.403999999999996,42.412,2.13,2.059,0.42939999999999995,5845.0,3056.0,5540.0,5225.0,1.3
2015-12-11,36.934,38.762,1.9620000000000002,2.053,0.4002,5845.0,3056.0,5540.0,5225.0,1.3
2015-12-18,35.775999999999996,36.836,1.718,2.037,0.3576,5845.0,3056.0,5540.0,5225.0,1.3
2015-12-25,36.262499999999996,35.9025,1.6759999999999997,2.026,0.36924999999999997,5845.0,3056.0,5540.0,5225.0,1.3
2016-01-01,36.99,36.5475,2.268,2.034,0.38625,6012.0,2875.0,5220.0,5099.0,1.3
2016-01-08,34.648,34.194,2.382,2.028,0.3708,6012.0,2875.0,5220.0,5099.0,1.3
2016-01-15,30.586000000000002,29.1,2.322,1.996,0.3222,6012.0,2875.0,5220.0,5099.0,1.3
2016-01-22,29.1925,27.756,2.2039999999999997,1.914,0.31125,6012.0,2875.0,5220.0,5099.0,1.3
2016-01-29,31.808,31.748,2.222,1.856,0.32999999999999996,6012.0,2875.0,5220.0,5099.0,1.3
2016-02-05,31.26,32.184000000000005,2.1119999999999997,1.822,0.3528,5770.0,2994.0,5470.0,5265.0,1.3
2016-02-12,28.144,30.410000000000004,2.158,1.759,0.3604,5770.0,2994.0,5470.0,5265.0,1.3
2016-02-19,30.0225,32.29,1.936,1.724,0.374,5770.0,2994.0,5470.0,5265.0,1.3
2016-02-26,31.322000000000003,33.116,1.8240000000000003,1.73,0.4022,5770.0,2994.0,5470.0,5265.0,1.3
2016-03-04,34.434000000000005,36.278,1.574,1.783,0.43339999999999995,6129.0,2917.0,5359.0,5133.0,1.3
2016-03-11,37.694,39.296,1.6460000000000001,1.841,0.4732,6129.0,2917.0,5359.0,5133.0,1.3
2016-03-18,38.318,38.496,1.7879999999999998,1.961,0.45940000000000003,6129.0,2917.0,5359.0,5133.0,1.3
2016-03-25,39.445,39.405,1.786,2.007,0.453,6129.0,2917.0,5359.0,5133.0,1.3
2016-04-01,36.821999999999996,37.0,1.8559999999999999,2.066,0.43579999999999997,5803.0,2955.0,5294.0,5110.0,1.2
2016-04-08,36.72,37.512,1.956,2.083,0.43079999999999996,5803.0,2955.0,5294.0,5110.0,1.2
2016-04-15,41.226,42.35,1.904,2.069,0.4546,5803.0,2955.0,5294.0,5110.0,1.2
2016-04-22,41.856,43.04,1.904,2.137,0.4584,5803.0,2955.0,5294.0,5110.0,1.2
2016-04-29,44.298,44.464,1.918,2.162,0.4888,5803.0,2955.0,5294.0,5110.0,1.2
2016-05-06,44.215999999999994,44.196000000000005,1.9579999999999997,2.24,0.4894,5777.0,3009.0,5197.0,5176.0,1.3
2016-05-13,45.44,45.2,2.0,2.22,0.5034,5777.0,3009.0,5197.0,5176.0,1.3
2016-05-20,47.992,48.336,1.886,2.242,0.548,5777.0,3009.0,5197.0,5176.0,1.3
2016-05-27,48.724000000000004,48.734,1.8359999999999999,2.3,0.5222,5777.0,3009.0,5197.0,5176.0,1.3
2016-06-03,49.0,48.905,2.15,2.339,0.502,5742.0,3018.0,5281.0,5118.0,1.2
2016-06-10,50.184000000000005,49.944,2.36,2.381,0.5004,5742.0,3018.0,5281.0,5118.0,1.2
2016-06-17,47.888,47.388,2.586,2.399,0.48739999999999994,5742.0,3018.0,5281.0,5118.0,1.2
2016-06-24,48.71,48.122,2.75,2.353,0.5236000000000001,5742.0,3018.0,5281.0,5118.0,1.2
2016-07-01,48.174,47.092,2.8899999999999997,2.329,0.5246000000000001,5962.0,2967.0,5426.0,5065.0,1.2
2016-07-08,46.1725,45.964,2.822,2.291,0.49224999999999997,5962.0,2967.0,5426.0,5065.0,1.2
2016-07-15,45.598,45.538,2.8120000000000003,2.253,0.49399999999999994,5962.0,2967.0,5426.0,5065.0,1.2
2016-07-22,44.44,45.220000000000006,2.7960000000000003,2.23,0.4782,5962.0,2967.0,5426.0,5065.0,1.2
2016-07-29,41.826,42.546,2.848,2.182,0.441,5962.0,2967.0,5426.0,5065.0,1.2
2016-08-05,40.82,40.884,2.884,2.159,0.43,5677.0,2998.0,5327.0,5204.0,1.3
2016-08-12,43.114,43.629999999999995,2.772,2.15,0.4338,5677.0,2998.0,5327.0,5204.0,1.3
2016-08-19,47.156,48.602,2.7359999999999998,2.149,0.4542,5677.0,2998.0,5327.0,5204.0,1.3
2016-08-26,47.048,48.654,2.8240000000000003,2.193,0.46840000000000004,5677.0,2998.0,5327.0,5204.0,1.3
2016-09-02,45.106,47.309999999999995,2.9400000000000004,2.237,0.45780000000000004,5868.0,3047.0,5306.0,4985.0,1.1
2016-09-09,45.9575,47.506,2.868,2.223,0.47425,5868.0,3047.0,5306.0,4985.0,1.1
2016-09-16,44.339999999999996,46.208,3.02,2.202,0.48599999999999993,5868.0,3047.0,5306.0,4985.0,1.1
2016-09-23,44.596000000000004,46.238,3.1100000000000003,2.225,0.5164,5868.0,3047.0,5306.0,4985.0,1.1
2016-09-30,46.552,46.744,3.008,2.224,0.5276,5868.0,3047.0,5306.0,4985.0,1.1
2016-10-07,49.483999999999995,49.524,2.912,2.245,0.5614,5591.0,3074.0,5210.0,5125.0,1.1
2016-10-14,50.288,49.94199999999999,3.1719999999999997,2.272,0.5826,5591.0,3074.0,5210.0,5125.0,1.1
2016-10-21,50.556,50.334,3.136,2.257,0.5711999999999999,5591.0,3074.0,5210.0,5125.0,1.1
2016-10-28,49.362,48.95399999999999,2.7199999999999998,2.243,0.5824,5591.0,3074.0,5210.0,5125.0,1.1
2016-11-04,45.507999999999996,44.626,2.504,2.23,0.5589999999999999,5971.0,3026.0,5308.0,5139.0,1.2
2016-11-11,44.61,43.092,2.218,2.233,0.5298,5971.0,3026.0,5308.0,5139.0,1.2
2016-11-18,45.153999999999996,44.006,2.442,2.184,0.519,5971.0,3026.0,5308.0,5139.0,1.2
2016-11-25,47.2475,46.492000000000004,2.7640000000000002,2.155,0.5425,5971.0,3026.0,5308.0,5139.0,1.2
2016-12-02,48.628,48.78,3.2119999999999997,2.154,0.5714,5964.0,2989.0,5343.0,5071.0,1.2
2016-12-09,50.974000000000004,52.260000000000005,3.684,2.208,0.619,5964.0,2989.0,5343.0,5071.0,1.2
2016-12-16,51.914,53.258,3.5740000000000003,2.236,0.6235999999999999,5964.0,2989.0,5343.0,5071.0,1.2
2016-12-23,51.955999999999996,53.814,3.508,2.264,0.6402,5964.0,2989.0,5343.0,5071.0,1.2
2016-12-30,53.595,54.96,3.684,2.309,0.69,5964.0,2989.0,5343.0,5071.0,1.2
2017-01-06,53.3425,55.1275,3.468,2.377,0.7042499999999999,5617.0,3188.0,5499.0,5320.0,1.2
2017-01-13,52.065999999999995,54.016,3.268,2.388,0.718,5617.0,3188.0,5499.0,5320.0,1.2
2017-01-20,51.8225,54.194,3.2939999999999996,2.358,0.74325,5617.0,3188.0,5499.0,5320.0,1.2
2017-01-27,52.742000000000004,54.90599999999999,3.2659999999999996,2.326,0.7962,5617.0,3188.0,5499.0,5320.0,1.2
2017-02-03,53.327999999999996,55.534000000000006,3.126,2.296,0.8752000000000001,5923.0,3089.0,5350.0,5176.0,1.2
2017-02-10,52.879999999999995,54.482000000000006,3.0439999999999996,2.293,0.8036,5923.0,3089.0,5350.0,5176.0,1.2
2017-02-17,53.220000000000006,54.464,2.872,2.307,0.7786,5923.0,3089.0,5350.0,5176.0,1.2
2017-02-24,54.025,55.4,2.618,2.302,0.67475,5923.0,3089.0,5350.0,5176.0,1.2
2017-03-03,53.564,54.402,2.522,2.314,0.6256,5811.0,3150.0,5395.0,5280.0,1.2
2017-03-10,50.5,52.784000000000006,2.752,2.341,0.6462,5811.0,3150.0,5395.0,5280.0,1.2
2017-03-17,48.034000000000006,50.294,2.9539999999999997,2.323,0.6374000000000001,5811.0,3150.0,5395.0,5280.0,1.2
2017-03-24,47.28,50.102,2.9880000000000004,2.321,0.5898,5811.0,3150.0,5395.0,5280.0,1.2
2017-03-31,49.138,51.33,3.026,2.315,0.5913999999999999,5811.0,3150.0,5395.0,5280.0,1.2
2017-04-07,51.263999999999996,53.278,3.1740000000000004,2.36,0.6288,6091.0,3028.0,5272.0,5091.0,1.2
2017-04-14,53.1875,54.83,3.0460000000000003,2.424,0.679,6091.0,3028.0,5272.0,5091.0,1.2
2017-04-21,51.094,52.081999999999994,3.1,2.436,0.664,6091.0,3028.0,5272.0,5091.0,1.2
2017-04-28,49.122,49.54600000000001,3.088,2.449,0.6296,6091.0,3028.0,5272.0,5091.0,1.2
2017-05-05,47.209999999999994,48.704,3.136,2.411,0.6072,5826.0,3111.0,5477.0,5270.0,1.2
2017-05-12,47.044,48.004000000000005,3.118,2.372,0.632,5826.0,3111.0,5477.0,5270.0,1.2
2017-05-19,49.244,51.75,3.2079999999999997,2.369,0.6516,5826.0,3111.0,5477.0,5270.0,1.2
2017-05-26,50.214,52.584,3.176,2.399,0.6624000000000001,5826.0,3111.0,5477.0,5270.0,1.2
2017-06-02,48.480000000000004,50.233999999999995,3.0300000000000002,2.406,0.62925,6305.0,3154.0,5635.0,5463.0,1.3
2017-06-09,46.565999999999995,47.275999999999996,2.982,2.414,0.596,6305.0,3154.0,5635.0,5463.0,1.3
2017-06-16,45.3,46.182,3.028,2.366,0.5984,6305.0,3154.0,5635.0,5463.0,1.3
2017-06-23,43.089999999999996,44.626,2.8920000000000003,2.318,0.5741999999999999,6305.0,3154.0,5635.0,5463.0,1.3
2017-06-30,44.626,46.162,3.0100000000000002,2.288,0.5831999999999999,6305.0,3154.0,5635.0,5463.0,1.3
2017-07-07,44.96,48.172000000000004,2.948,2.26,0.6036666666666667,6238.0,3097.0,5497.0,5338.0,1.3
2017-07-14,45.506,47.104,2.9619999999999997,2.297,0.6086,6238.0,3097.0,5497.0,5338.0,1.3
2017-07-21,46.406,47.986000000000004,3.088,2.278,0.6582000000000001,6238.0,3097.0,5497.0,5338.0,1.3
2017-07-28,48.266,49.95,2.962,2.312,0.7008,6238.0,3097.0,5497.0,5338.0,1.3
2017-08-04,49.519999999999996,52.04200000000001,2.7979999999999996,2.352,0.7384000000000001,6276.0,3103.0,5519.0,5334.0,1.3
2017-08-11,49.076,51.964,2.854,2.378,0.7508,6276.0,3103.0,5519.0,5334.0,1.3
2017-08-18,47.524,50.582,2.946,2.384,0.7518,6276.0,3103.0,5519.0,5334.0,1.3
2017-08-25,47.676,52.028,2.968,2.36,0.7644,6276.0,3103.0,5519.0,5334.0,1.3
2017-09-01,46.68,52.251999999999995,2.93,2.399,0.7924,6320.0,3190.0,5450.0,5289.0,1.2
2017-09-08,48.575,53.884,2.908,2.679,0.828,6320.0,3190.0,5450.0,5289.0,1.2
2017-09-15,49.065999999999995,55.544000000000004,2.9619999999999997,2.685,0.867,6320.0,3190.0,5450.0,5289.0,1.2
2017-09-22,50.124,57.034000000000006,3.092,2.634,0.905,6320.0,3190.0,5450.0,5289.0,1.2
2017-09-29,51.774,58.75,2.96,2.583,0.9518000000000001,6320.0,3190.0,5450.0,5289.0,1.2
2017-10-06,50.232,56.076,2.84,2.565,0.9048,6408.0,3219.0,5581.0,5397.0,1.2
2017-10-13,50.769999999999996,56.205999999999996,2.918,2.504,0.9516,6408.0,3219.0,5581.0,5397.0,1.2
2017-10-20,51.739999999999995,57.775999999999996,2.838,2.489,0.9144,6408.0,3219.0,5581.0,5397.0,1.2
2017-10-27,52.50599999999999,58.576,2.914,2.479,0.9494,6408.0,3219.0,5581.0,5397.0,1.2
2017-11-03,54.59400000000001,61.038,2.778,2.488,0.9645999999999999,6271.0,3186.0,5494.0,5283.0,1.2
2017-11-10,57.052,64.28599999999999,3.118,2.561,0.9558,6271.0,3186.0,5494.0,5283.0,1.2
2017-11-17,55.814,61.524,3.096,2.592,0.9878,6271.0,3186.0,5494.0,5283.0,1.2
2017-11-24,57.4675,62.678,3.0479999999999996,2.568,0.9995,6271.0,3186.0,5494.0,5283.0,1.2
2017-12-01,57.812,63.73,2.944,2.533,0.9962,6336.0,3222.0,5421.0,5249.0,1.2
2017-12-08,56.916,63.076,2.844,2.5,0.9773999999999999,6336.0,3222.0,5421.0,5249.0,1.2
2017-12-15,57.168000000000006,64.354,2.768,2.485,0.9199999999999999,6336.0,3222.0,5421.0,5249.0,1.2
2017-12-22,57.86800000000001,64.364,2.69,2.45,0.9475999999999999,6336.0,3222.0,5421.0,5249.0,1.2
2017-12-29,59.88,66.52,3.025,2.472,0.98225,6336.0,3222.0,5421.0,5249.0,1.2
2018-01-05,61.3625,67.81,5.710000000000001,2.52,0.958,6621.0,3019.0,5512.0,5288.0,1.3
2018-01-12,63.25599999999999,69.47,3.2399999999999998,2.522,0.9198000000000001,6621.0,3019.0,5512.0,5288.0,1.3
2018-01-19,63.77,69.388,4.125,2.557,0.92875,6621.0,3019.0,5512.0,5288.0,1.3
2018-01-26,65.138,70.03999999999999,3.428,2.567,0.8423999999999999,6621.0,3019.0,5512.0,5288.0,1.3
2018-02-02,65.318,68.00399999999999,3.3020000000000005,2.607,0.8501999999999998,6552.0,3222.0,5624.0,5319.0,1.2
2018-02-09,62.013999999999996,65.49600000000001,2.748,2.637,0.7756000000000001,6552.0,3222.0,5624.0,5319.0,1.2
2018-02-16,60.562,62.718,2.5380000000000003,2.607,0.8412,6552.0,3222.0,5624.0,5319.0,1.2
2018-02-23,62.47,65.52000000000001,2.6225,2.557,0.83575,6552.0,3222.0,5624.0,5319.0,1.2
2018-03-02,62.07000000000001,66.024,2.638,2.548,0.8176,6818.0,3323.0,5623.0,5500.0,1.2
2018-03-09,61.653999999999996,65.12,2.742,2.56,0.751,6818.0,3323.0,5623.0,5500.0,1.2
2018-03-16,61.275999999999996,64.138,2.71,2.559,0.796,6818.0,3323.0,5623.0,5500.0,1.2
2018-03-23,64.106,67.396,2.654,2.598,0.8084,6818.0,3323.0,5623.0,5500.0,1.2
2018-03-30,64.9675,68.6475,2.67,2.648,0.8115,6818.0,3323.0,5623.0,5500.0,1.2
2018-04-06,63.074,67.0275,2.786,2.7,0.7552,6877.0,3370.0,5590.0,5441.0,1.2
2018-04-13,66.022,71.244,2.776,2.694,0.7954000000000001,6877.0,3370.0,5590.0,5441.0,1.2
2018-04-20,67.546,73.392,2.8299999999999996,2.747,0.8257999999999999,6877.0,3370.0,5590.0,5441.0,1.2
2018-04-27,67.912,74.982,2.802,2.798,0.8814,6877.0,3370.0,5590.0,5441.0,1.2
2018-05-04,68.38199999999999,74.422,2.754,2.846,0.9064,7016.0,3382.0,5859.0,5492.0,1.2
2018-05-11,70.556,76.68,2.758,2.845,0.8744,7016.0,3382.0,5859.0,5492.0,1.2
2018-05-18,71.296,78.75399999999999,2.804,2.873,0.9442,7016.0,3382.0,5859.0,5492.0,1.2
2018-05-25,70.978,78.59,2.836,2.923,0.9404,7016.0,3382.0,5859.0,5492.0,1.2
2018-06-01,66.9575,75.3475,2.88,2.962,0.92925,7230.0,3382.0,5760.0,5566.0,1.2
2018-06-08,65.35,73.978,2.9200000000000004,2.94,0.8838000000000001,7230.0,3382.0,5760.0,5566.0,1.2
2018-06-15,66.20599999999999,74.25999999999999,2.994,2.911,0.8806,7230.0,3382.0,5760.0,5566.0,1.2
2018-06-22,66.324,74.11600000000001,2.9859999999999998,2.879,0.8523999999999999,7230.0,3382.0,5760.0,5566.0,1.2
2018-06-29,74.026,75.238,2.98,2.833,0.8962,7230.0,3382.0,5760.0,5566.0,1.2
2018-07-06,73.72749999999999,76.328,2.9050000000000002,2.844,0.95275,7190.0,3426.0,5649.0,5577.0,1.2
2018-07-13,71.964,75.28999999999999,2.888,2.857,0.9438000000000001,7190.0,3426.0,5649.0,5577.0,1.2
2018-07-20,68.952,71.27000000000001,2.782,2.865,0.8870000000000001,7190.0,3426.0,5649.0,5577.0,1.2
2018-07-27,70.01,74.0,2.788,2.831,0.9606,7190.0,3426.0,5649.0,5577.0,1.2
2018-08-03,69.462,73.372,2.8,2.846,0.9507999999999999,7208.0,3423.0,5815.0,5543.0,1.2
2018-08-10,67.904,71.416,2.9539999999999997,2.852,0.9655999999999999,7208.0,3423.0,5815.0,5543.0,1.2
2018-08-17,66.146,69.824,2.998,2.843,0.9436,7208.0,3423.0,5815.0,5543.0,1.2
2018-08-24,68.102,72.772,3.0140000000000002,2.821,0.9795999999999999,7208.0,3423.0,5815.0,5543.0,1.2
2018-08-31,69.656,76.076,2.972,2.827,1.0272000000000001,7208.0,3423.0,5815.0,5543.0,1.2
2018-09-07,68.5125,76.644,2.9425,2.824,1.0545,7411.0,3391.0,5625.0,5494.0,1.2
2018-09-14,68.958,78.10799999999999,2.934,2.833,1.0628,7411.0,3391.0,5625.0,5494.0,1.2
2018-09-21,70.276,78.96600000000001,3.0300000000000002,2.841,1.0539999999999998,7411.0,3391.0,5625.0,5494.0,1.2
2018-09-28,72.838,81.846,3.064,2.844,1.0618,7411.0,3391.0,5625.0,5494.0,1.2
2018-10-05,75.126,85.442,3.2340000000000004,2.866,1.0626,7304.0,3458.0,5907.0,5602.0,1.2
2018-10-12,72.95599999999999,83.05199999999999,3.2960000000000003,2.903,1.0017999999999998,7304.0,3458.0,5907.0,5602.0,1.2
2018-10-19,70.238,80.40599999999999,3.2619999999999996,2.879,0.9704,7304.0,3458.0,5907.0,5602.0,1.2
2018-10-26,67.426,78.232,3.318,2.841,0.8606,7304.0,3458.0,5907.0,5602.0,1.2
2018-11-02,65.05600000000001,74.088,3.28,2.811,0.8417999999999999,7594.0,3511.0,5826.0,5793.0,1.3
2018-11-09,61.574,70.34400000000001,3.5759999999999996,2.753,0.7772,7594.0,3511.0,5826.0,5793.0,1.3
2018-11-16,56.916,66.208,4.2299999999999995,2.686,0.7304,7594.0,3511.0,5826.0,5793.0,1.3
2018-11-23,54.98666666666666,61.217999999999996,4.666666666666667,2.611,0.7463333333333333,7594.0,3511.0,5826.0,5793.0,1.3
2018-11-30,51.013999999999996,58.65,4.434,2.539,0.7041999999999999,7594.0,3511.0,5826.0,5793.0,1.3
2018-12-07,52.626,60.465999999999994,4.488,2.451,0.7288,7489.0,3407.0,5768.0,5554.0,1.2
2018-12-14,51.541999999999994,59.510000000000005,4.38,2.421,0.6954,7489.0,3407.0,5768.0,5554.0,1.2
2018-12-21,46.980000000000004,54.644000000000005,3.728,2.369,0.6486000000000001,7489.0,3407.0,5768.0,5554.0,1.2
2018-12-28,45.22333333333333,51.03,3.2566666666666664,2.321,0.6443333333333333,7489.0,3407.0,5768.0,5554.0,1.2
2019-01-04,46.99666666666667,54.31,2.9233333333333333,2.266,0.6353333333333334,7502.0,3517.0,5786.0,5549.0,1.1
2019-01-11,50.78,58.636,2.89,2.237,0.6538,7502.0,3517.0,5786.0,5549.0,1.1
2019-01-18,51.924,59.83,3.498,2.247,0.6812,7502.0,3517.0,5786.0,5549.0,1.1
2019-01-25,52.875,61.342,3.19,2.251,0.679,7502.0,3517.0,5786.0,5549.0,1.1
2019-02-01,53.634,61.379999999999995,2.902,2.256,0.6768,7066.0,3547.0,5704.0,5653.0,1.2
2019-02-08,53.525999999999996,61.705999999999996,2.5940000000000003,2.254,0.6388,7066.0,3547.0,5704.0,5653.0,1.2
2019-02-15,53.878,63.36,2.6559999999999997,2.276,0.647,7066.0,3547.0,5704.0,5653.0,1.2
2019-02-22,56.745,66.582,2.7125,2.317,0.7084999999999999,7066.0,3547.0,5704.0,5653.0,1.2
2019-03-01,56.122,64.564,2.91,2.39,0.6862,7317.0,3529.0,5689.0,5543.0,1.1
2019-03-08,56.348,64.734,3.282,2.422,0.687,7317.0,3529.0,5689.0,5543.0,1.1
2019-03-15,57.81,65.714,2.8920000000000003,2.471,0.689,7317.0,3529.0,5689.0,5543.0,1.1
2019-03-22,59.436,67.34400000000001,2.8579999999999997,2.548,0.6626000000000001,7317.0,3529.0,5689.0,5543.0,1.1
2019-03-29,59.489999999999995,67.248,2.714,2.623,0.638,7317.0,3529.0,5689.0,5543.0,1.1
2019-04-05,62.36,69.53999999999999,2.702,2.691,0.6268,7272.0,3501.0,6016.0,5777.0,1.3
2019-04-12,64.102,71.328,2.724,2.745,0.661,7272.0,3501.0,6016.0,5777.0,1.3
2019-04-19,63.800000000000004,70.8725,2.625,2.828,0.63075,7272.0,3501.0,6016.0,5777.0,1.3
2019-04-26,65.276,72.93199999999999,2.558,2.841,0.6557999999999999,7272.0,3501.0,6016.0,5777.0,1.3
2019-05-03,62.9,71.586,2.596,2.887,0.6154,7275.0,3472.0,5686.0,5556.0,1.2
2019-05-10,61.814,71.252,2.596,2.897,0.5982,7275.0,3472.0,5686.0,5556.0,1.2
2019-05-17,62.104,73.322,2.666,2.866,0.6102000000000001,7275.0,3472.0,5686.0,5556.0,1.2
2019-05-24,60.722,70.888,2.664,2.852,0.5524,7275.0,3472.0,5686.0,5556.0,1.2
2019-05-31,56.9275,69.28999999999999,2.655,2.822,0.5347500000000001,7275.0,3472.0,5686.0,5556.0,1.2
2019-06-07,52.972,63.146,2.446,2.807,0.453,7194.0,3474.0,5801.0,5574.0,1.2
2019-06-14,52.522000000000006,63.188,2.412,2.732,0.42379999999999995,7194.0,3474.0,5801.0,5574.0,1.2
2019-06-21,54.754,64.038,2.396,2.67,0.44000000000000006,7194.0,3474.0,5801.0,5574.0,1.2
2019-06-28,58.382000000000005,66.50999999999999,2.34,2.654,0.48,7194.0,3474.0,5801.0,5574.0,1.2
2019-07-05,57.32333333333333,63.839999999999996,2.3066666666666666,2.713,0.4703333333333333,7042.0,3654.0,5871.0,5839.0,1.2
2019-07-12,59.024,65.978,2.474,2.743,0.4852,7042.0,3654.0,5871.0,5839.0,1.2
2019-07-19,56.748000000000005,63.628,2.436,2.779,0.504,7042.0,3654.0,5871.0,5839.0,1.2
2019-07-26,56.053999999999995,62.8,2.298,2.75,0.4948,7042.0,3654.0,5871.0,5839.0,1.2
2019-08-02,56.54600000000001,62.586,2.242,2.715,0.46299999999999997,7178.0,3540.0,5900.0,5657.0,1.2
2019-08-09,53.275999999999996,57.327999999999996,2.114,2.688,0.41080000000000005,7178.0,3540.0,5900.0,5657.0,1.2
2019-08-16,55.306,58.251999999999995,2.212,2.624,0.3846,7178.0,3540.0,5900.0,5657.0,1.2
2019-08-23,55.496,59.574,2.27,2.598,0.385,7178.0,3540.0,5900.0,5657.0,1.2
2019-08-30,55.205999999999996,59.826,2.2800000000000002,2.574,0.4232,7178.0,3540.0,5900.0,5657.0,1.2
2019-09-06,55.7275,60.227999999999994,2.4625000000000004,2.563,0.4285,7124.0,3447.0,5963.0,5755.0,1.3
2019-09-13,56.160000000000004,62.738,2.636,2.55,0.43600000000000005,7124.0,3447.0,5963.0,5755.0,1.3
2019-09-20,59.331999999999994,65.55600000000001,2.632,2.552,0.4678,7124.0,3447.0,5963.0,5755.0,1.3
2019-09-27,56.896,63.152,2.524,2.654,0.46020000000000005,7124.0,3447.0,5963.0,5755.0,1.3
2019-10-04,53.122,59.222,2.33,2.642,0.4372,7289.0,3452.0,5781.0,5631.0,1.2
2019-10-11,53.272000000000006,59.394000000000005,2.26,2.645,0.477,7289.0,3452.0,5781.0,5631.0,1.2
2019-10-18,53.488,59.322,2.246,2.629,0.46420000000000006,7289.0,3452.0,5781.0,5631.0,1.2
2019-10-25,55.20399999999999,60.748000000000005,2.254,2.638,0.4654,7289.0,3452.0,5781.0,5631.0,1.2
2019-11-01,55.17,60.226,2.616,2.596,0.49260000000000004,6888.0,3541.0,5847.0,5675.0,1.2
2019-11-08,56.69,62.39,2.814,2.605,0.514,6888.0,3541.0,5847.0,5675.0,1.2
2019-11-15,56.915,62.564,2.6900000000000004,2.615,0.533,6888.0,3541.0,5847.0,5675.0,1.2
2019-11-22,56.9,63.762,2.5759999999999996,2.592,0.5426,6888.0,3541.0,5847.0,5675.0,1.2
2019-11-29,58.07,64.74,2.485,2.579,0.5486666666666667,6888.0,3541.0,5847.0,5675.0,1.2
2019-12-06,57.64,64.714,2.374,2.575,0.5278,6699.0,3487.0,5951.0,5771.0,1.3
2019-12-13,59.248000000000005,66.498,2.238,2.561,0.5162,6699.0,3487.0,5951.0,5771.0,1.3
2019-12-20,60.75,68.902,2.276,2.536,0.5067999999999999,6699.0,3487.0,5951.0,5771.0,1.3
2019-12-27,61.29,68.73,2.03,2.532,0.46175,6699.0,3487.0,5951.0,5771.0,1.3
2020-01-03,61.7425,68.05,2.065,2.571,0.438,7124.0,3563.0,5981.0,5741.0,1.2
2020-01-10,60.839999999999996,67.92999999999999,2.0919999999999996,2.578,0.46159999999999995,7124.0,3563.0,5981.0,5741.0,1.2
2020-01-17,58.288,64.112,2.064,2.57,0.4368,7124.0,3563.0,5981.0,5741.0,1.2
2020-01-24,56.1525,62.2,1.9324999999999999,2.537,0.405,7124.0,3563.0,5981.0,5741.0,1.2
2020-01-31,52.696000000000005,58.572,1.954,2.506,0.4024,7124.0,3563.0,5981.0,5741.0,1.2
2020-02-07,50.36,54.59400000000001,1.8939999999999997,2.455,0.3804,6966.0,3497.0,5990.0,5764.0,1.3
2020-02-14,50.832,55.327999999999996,1.8980000000000001,2.419,0.3846,6966.0,3497.0,5990.0,5764.0,1.3
2020-02-21,53.135000000000005,58.614,1.9975,2.428,0.4285,6966.0,3497.0,5990.0,5764.0,1.3
2020-02-28,48.362,54.092,1.8800000000000001,2.466,0.39940000000000003,6966.0,3497.0,5990.0,5764.0,1.3
2020-03-06,45.574,50.702,1.802,2.423,0.3906,5894.0,2933.0,5171.0,16275.0,8.6
2020-03-13,32.386,33.724000000000004,1.8739999999999999,2.375,0.3044,5894.0,2933.0,5171.0,16275.0,8.6
2020-03-20,24.194,25.654000000000003,1.7899999999999998,2.248,0.2524,5894.0,2933.0,5171.0,16275.0,8.6
2020-03-27,19.438,23.962,1.732,2.12,0.22880000000000003,5894.0,2933.0,5171.0,16275.0,8.6
2020-04-03,21.686,18.716,1.6199999999999999,2.005,0.2732,4606.0,1991.0,4029.0,11531.0,7.0
2020-04-10,24.405,22.5325,1.7675,1.924,0.298,4606.0,1991.0,4029.0,11531.0,7.0
2020-04-17,20.119999999999997,19.995,1.72,1.853,0.3554,4606.0,1991.0,4029.0,11531.0,7.0
2020-04-24,3.3240000000000007,14.235999999999999,1.8539999999999999,1.812,0.346,4606.0,1991.0,4029.0,11531.0,7.0
2020-05-01,15.712,17.046,1.706,1.773,0.33320000000000005,5612.0,2259.0,8133.0,4718.0,1.6
2020-05-08,23.464,23.572499999999998,1.8379999999999999,1.789,0.3688,5612.0,2259.0,8133.0,4718.0,1.6
2020-05-15,26.398000000000003,28.182,1.6260000000000001,1.851,0.4034,5612.0,2259.0,8133.0,4718.0,1.6
2020-05-22,33.096,33.94,1.78,1.878,0.46180000000000004,5612.0,2259.0,8133.0,4718.0,1.6
2020-05-29,34.185,33.7025,1.7650000000000001,1.96,0.4575,5612.0,2259.0,8133.0,4718.0,1.6
2020-06-05,37.322,38.37,1.698,1.974,0.5008,6129.0,2594.0,7477.0,5176.0,1.6
2020-06-12,37.872,39.518,1.704,2.036,0.4958,6129.0,2594.0,7477.0,5176.0,1.6
2020-06-19,38.35,40.948,1.524,2.098,0.5048,6129.0,2594.0,7477.0,5176.0,1.6
2020-06-26,39.22,41.694,1.568,2.129,0.4968,6129.0,2594.0,7477.0,5176.0,1.6
2020-07-03,39.847500000000004,42.302,1.675,2.174,0.459,6530.0,3020.0,6320.0,5191.0,1.3
2020-07-10,40.442,43.06,1.784,2.177,0.4866,6530.0,3020.0,6320.0,5191.0,1.3
2020-07-17,40.57,43.404,1.766,2.195,0.48279999999999995,6530.0,3020.0,6320.0,5191.0,1.3
2020-07-24,41.338,43.568,1.716,2.186,0.5118,6530.0,3020.0,6320.0,5191.0,1.3
2020-07-31,40.686,43.224000000000004,1.818,2.175,0.4952,6530.0,3020.0,6320.0,5191.0,1.3
2020-08-07,41.568,44.356,2.132,2.176,0.5025999999999999,6429.0,2931.0,6004.0,4813.0,1.1
2020-08-14,42.076,44.538,2.168,2.166,0.5028,6429.0,2931.0,6004.0,4813.0,1.1
2020-08-21,42.726,44.792,2.3880000000000003,2.166,0.5072,6429.0,2931.0,6004.0,4813.0,1.1
2020-08-28,42.932,45.257999999999996,2.522,2.182,0.5108,6429.0,2931.0,6004.0,4813.0,1.1
2020-09-04,41.842,43.06,2.158,2.222,0.5064,6511.0,3185.0,5966.0,5123.0,1.1
2020-09-11,37.375,39.45,2.155,2.211,0.46,6511.0,3185.0,5966.0,5123.0,1.1
2020-09-18,39.554,40.769999999999996,1.9280000000000002,2.183,0.5025999999999999,6511.0,3185.0,5966.0,5123.0,1.1
2020-09-25,39.78,40.89,1.6780000000000002,2.168,0.499,6511.0,3185.0,5966.0,5123.0,1.1
2020-10-02,38.992,39.994,1.6480000000000001,2.169,0.4998,6798.0,3311.0,6091.0,5356.0,1.2
2020-10-09,40.188,41.06,1.9060000000000001,2.172,0.519,6798.0,3311.0,6091.0,5356.0,1.2
2020-10-16,40.33,41.32000000000001,2.1719999999999997,2.167,0.5314,6798.0,3311.0,6091.0,5356.0,1.2
2020-10-23,40.426,40.998000000000005,2.744,2.15,0.535,6798.0,3311.0,6091.0,5356.0,1.2
2020-10-30,37.316,37.906,3.088,2.143,0.5338,6798.0,3311.0,6091.0,5356.0,1.2
2020-11-06,37.708,38.636,2.78,2.112,0.5568,6820.0,3209.0,5894.0,5631.0,1.5
2020-11-13,40.658,41.87,2.75,2.096,0.5534000000000001,6820.0,3209.0,5894.0,5631.0,1.5
2020-11-20,41.516000000000005,43.007999999999996,2.3899999999999997,2.111,0.5268,6820.0,3209.0,5894.0,5631.0,1.5
2020-11-27,44.4,46.426,2.39,2.102,0.535,6820.0,3209.0,5894.0,5631.0,1.5
2020-12-04,45.37,47.827999999999996,2.694,2.12,0.5795999999999999,6773.0,3369.0,5577.0,5601.0,1.3
2020-12-11,46.038,49.324,2.438,2.156,0.5883999999999999,6773.0,3369.0,5577.0,5601.0,1.3
2020-12-18,47.968,51.048,2.696,2.158,0.6308,6773.0,3369.0,5577.0,5601.0,1.3
2020-12-25,47.7325,50.605000000000004,2.7199999999999998,2.224,0.699,6773.0,3369.0,5577.0,5601.0,1.3
2021-01-01,47.985,50.82,2.385,2.243,0.73675,7162.0,3292.0,5598.0,5145.0,1.1
2021-01-08,50.094,53.30799999999999,2.742,2.249,0.8042,7162.0,3292.0,5598.0,5145.0,1.1
2021-01-15,52.751999999999995,55.379999999999995,2.82,2.317,0.8943999999999999,7162.0,3292.0,5598.0,5145.0,1.1
2021-01-22,52.8275,55.23,2.54,2.379,0.86275,7162.0,3292.0,5598.0,5145.0,1.1
2021-01-29,52.524,55.178,2.714,2.392,0.8922000000000001,7162.0,3292.0,5598.0,5145.0,1.1
2021-02-05,55.396,58.222,3.122,2.409,0.8462,7827.0,3373.0,5813.0,5329.0,1.1
2021-02-12,58.54,61.128,4.6259999999999994,2.461,0.8714000000000001,7827.0,3373.0,5813.0,5329.0,1.1
2021-02-19,60.17,63.898,12.175,2.501,0.953,7827.0,3373.0,5813.0,5329.0,1.1
2021-02-26,62.303999999999995,65.85799999999999,2.8560000000000003,2.633,0.9571999999999999,7827.0,3373.0,5813.0,5329.0,1.1
2021-03-05,62.29200000000001,65.94,2.7880000000000003,2.711,0.9693999999999999,8499.0,3654.0,6158.0,5488.0,1.0
2021-03-12,65.022,68.154,2.652,2.771,0.9368000000000001,8499.0,3654.0,6158.0,5488.0,1.0
2021-03-19,63.222,66.114,2.532,2.853,0.9086000000000001,8499.0,3654.0,6158.0,5488.0,1.0
2021-03-26,59.95,62.50600000000001,2.5420000000000003,2.865,0.8938,8499.0,3654.0,6158.0,5488.0,1.0
2021-04-02,60.66,63.6775,2.5425,2.852,0.8935,9346.0,3943.0,6138.0,5699.0,1.0
2021-04-09,59.348,61.8275,2.45,2.857,0.8968,9346.0,3943.0,6138.0,5699.0,1.0
2021-04-16,61.926,64.686,2.594,2.849,0.7876000000000001,9346.0,3943.0,6138.0,5699.0,1.0
2021-04-23,62.182,65.34400000000001,2.758,2.855,0.754,9346.0,3943.0,6138.0,5699.0,1.0
2021-04-30,63.472,66.964,2.878,2.872,0.8336,9346.0,3943.0,6138.0,5699.0,1.0
2021-05-07,65.1,68.9925,2.95,2.89,0.8042,9954.0,3817.0,5981.0,5515.0,0.9
2021-05-14,65.066,68.732,2.93,2.961,0.799,9954.0,3817.0,5981.0,5515.0,0.9
2021-05-21,64.114,67.482,2.9059999999999997,3.028,0.7998000000000001,9954.0,3817.0,5981.0,5515.0,0.9
2021-05-28,66.398,69.022,2.864,3.02,0.8592000000000001,9954.0,3817.0,5981.0,5515.0,0.9
2021-06-04,68.7425,70.66,3.0324999999999998,3.027,0.90625,10319.0,4017.0,6535.0,5741.0,0.9
2021-06-11,70.112,71.458,3.116,3.035,0.9338000000000001,10319.0,4017.0,6535.0,5741.0,0.9
2021-06-18,71.546,73.10999999999999,3.278,3.069,0.9538,10319.0,4017.0,6535.0,5741.0,0.9
2021-06-25,73.48400000000001,75.40599999999999,3.284,3.06,1.0108000000000001,10319.0,4017.0,6535.0,5741.0,0.9
2021-07-02,74.06800000000001,76.26,3.718,3.091,1.0676,10983.0,4059.0,6720.0,5818.0,1.0
2021-07-09,73.345,76.134,3.6525,3.122,1.09125,10983.0,4059.0,6720.0,5818.0,1.0
2021-07-16,73.188,75.8,3.732,3.133,1.0974,10983.0,4059.0,6720.0,5818.0,1.0
2021-07-23,69.684,72.202,3.928,3.153,1.0648,10983.0,4059.0,6720.0,5818.0,1.0
2021-07-30,72.75,75.75399999999999,4.061999999999999,3.136,1.0974,10983.0,4059.0,6720.0,5818.0,1.0
2021-08-06,69.5,72.25999999999999,4.151999999999999,3.159,1.0944,10872.0,4171.0,6394.0,5875.0,0.9
2021-08-13,68.334,71.09400000000001,4.096,3.172,1.1164,10872.0,4171.0,6394.0,5875.0,0.9
2021-08-20,65.048,68.078,3.896,3.174,1.123,10872.0,4171.0,6394.0,5875.0,0.9
2021-08-27,67.59,71.01599999999999,4.066,3.145,1.1156000000000001,10872.0,4171.0,6394.0,5875.0,0.9
2021-09-03,69.15,73.0175,4.49,3.139,1.1684,10834.0,4354.0,6632.0,6118.0,1.0
2021-09-10,68.9825,72.014,4.8675,3.176,1.189,10834.0,4354.0,6632.0,6118.0,1.0
2021-09-17,71.688,74.128,5.42,3.165,1.2912,10834.0,4354.0,6632.0,6118.0,1.0
2021-09-24,72.18,75.32000000000001,5.034000000000001,3.184,1.332,10834.0,4354.0,6632.0,6118.0,1.0
2021-10-01,75.454,78.444,5.678,3.175,1.4334,11238.0,4153.0,6678.0,5856.0,0.9
2021-10-08,78.50399999999999,82.012,5.868,3.19,1.4866,11238.0,4153.0,6678.0,5856.0,0.9
2021-10-15,81.176,83.86800000000001,5.544,3.267,1.4574,11238.0,4153.0,6678.0,5856.0,0.9
2021-10-22,83.476,84.98400000000001,4.946,3.322,1.4874,11238.0,4153.0,6678.0,5856.0,0.9
2021-10-29,83.84400000000001,84.116,5.678,3.383,1.3768,11238.0,4153.0,6678.0,5856.0,0.9
2021-11-05,81.788,82.522,5.476,3.39,1.3812,11199.0,4453.0,6911.0,6192.0,0.9
2021-11-12,81.92999999999999,83.39,4.99,3.41,1.3654,11199.0,4453.0,6911.0,6192.0,0.9
2021-11-19,78.99199999999999,81.63,4.91,3.399,1.1642,11199.0,4453.0,6911.0,6192.0,0.9
2021-11-26,77.79333333333334,80.238,4.903333333333333,3.395,1.117,11199.0,4453.0,6911.0,6192.0,0.9
2021-12-03,66.89,71.0,4.32,3.38,1.0198,11520.0,4314.0,6686.0,6103.0,0.9
2021-12-10,71.314,74.788,3.6740000000000004,3.341,1.0276,11520.0,4314.0,6686.0,6103.0,0.9
2021-12-17,71.184,73.762,3.786,3.315,1.0326,11520.0,4314.0,6686.0,6103.0,0.9
2021-12-24,71.625,73.91,3.845,3.295,1.0095,11520.0,4314.0,6686.0,6103.0,0.9
2021-12-31,76.048,78.16,3.562,3.275,1.101,11520.0,4314.0,6686.0,6103.0,0.9
2022-01-07,77.85799999999999,80.502,3.804,3.281,1.1248,11210.0,4413.0,6431.0,6247.0,0.9
2022-01-14,81.51599999999999,85.06800000000001,4.418,3.295,1.134,11210.0,4413.0,6431.0,6247.0,0.9
2022-01-21,85.92750000000001,89.15799999999999,4.5,3.306,1.17775,11210.0,4413.0,6431.0,6247.0,0.9
2022-01-28,86.94,90.124,4.598000000000001,3.323,1.2067999999999999,11210.0,4413.0,6431.0,6247.0,0.9
2022-02-04,89.596,92.774,5.7780000000000005,3.368,1.3052,11698.0,4233.0,6801.0,5986.0,0.9
2022-02-11,90.614,96.434,4.188000000000001,3.444,1.2336,11698.0,4233.0,6801.0,5986.0,0.9
2022-02-18,92.892,97.798,4.386,3.487,1.278,11698.0,4233.0,6801.0,5986.0,0.9
2022-02-25,92.175,99.364,4.62,3.53,1.30225,11698.0,4233.0,6801.0,5986.0,0.9
2022-03-04,106.798,114.434,4.568,3.608,1.4518,12301.0,4447.0,6619.0,6181.0,0.9
2022-03-11,113.39000000000001,122.28600000000002,4.706,4.102,1.6149999999999998,12301.0,4447.0,6619.0,6181.0,0.9
2022-03-18,100.42999999999999,109.59200000000001,4.68,4.315,1.2964,12301.0,4447.0,6619.0,6181.0,0.9
2022-03-25,113.69200000000001,123.598,5.146,4.239,1.443,12301.0,4447.0,6619.0,6181.0,0.9
2022-04-01,103.89200000000001,111.25999999999999,5.41,4.231,1.4038,11861.0,4499.0,6528.0,6138.0,0.9
2022-04-08,99.212,103.33,6.078,4.17,1.302,11861.0,4499.0,6528.0,6138.0,0.9
2022-04-15,101.46000000000001,105.41499999999999,6.64,4.091,1.30625,11861.0,4499.0,6528.0,6138.0,0.9
2022-04-22,104.018,105.7225,7.101999999999999,4.066,1.3088,11861.0,4499.0,6528.0,6138.0,0.9
2022-04-29,102.848,103.92,6.806,4.107,1.282,11861.0,4499.0,6528.0,6138.0,0.9
2022-05-06,106.68800000000002,110.36,8.042,4.182,1.2612,11535.0,4237.0,6440.0,6079.0,1.0
2022-05-13,104.998,107.43199999999999,7.474000000000001,4.328,1.216,11535.0,4237.0,6440.0,6079.0,1.0
2022-05-20,112.178,112.928,8.208,4.491,1.2167999999999999,11535.0,4237.0,6440.0,6079.0,1.0
2022-05-27,113.38,117.66199999999999,8.792,4.593,1.198,11535.0,4237.0,6440.0,6079.0,1.0
2022-06-03,116.3725,124.105,8.5425,4.624,1.23675,11283.0,4165.0,6487.0,6039.0,1.0
2022-06-10,120.42999999999999,127.398,8.946,4.876,1.2406000000000001,11283.0,4165.0,6487.0,6039.0,1.0
2022-06-17,116.45599999999999,125.08399999999999,7.93,5.006,1.1987999999999999,11283.0,4165.0,6487.0,6039.0,1.0
2022-06-24,107.8825,116.832,6.425,4.962,1.20175,11283.0,4165.0,6487.0,6039.0,1.0
2022-07-01,110.96199999999999,120.338,6.346,4.872,1.2212,11576.0,4031.0,6478.0,5839.0,1.0
2022-07-08,103.315,113.63600000000001,5.9,4.771,1.1715,11576.0,4031.0,6478.0,5839.0,1.0
2022-07-15,99.92,109.8,6.7620000000000005,4.646,1.1381999999999999,11576.0,4031.0,6478.0,5839.0,1.0
2022-07-22,102.24,113.53399999999999,7.764,4.49,1.1108,11576.0,4031.0,6478.0,5839.0,1.0
2022-07-29,99.604,109.276,8.742,4.33,1.1384,11576.0,4031.0,6478.0,5839.0,1.0
2022-08-05,94.00800000000001,102.54400000000001,8.144,4.192,1.0981999999999998,10092.0,4258.0,6448.0,6238.0,1.0
2022-08-12,94.652,104.644,8.15,4.038,1.0748000000000002,10092.0,4258.0,6448.0,6238.0,1.0
2022-08-19,91.814,96.726,9.193999999999999,3.938,1.0782,10092.0,4258.0,6448.0,6238.0,1.0
2022-08-26,94.47200000000001,98.872,9.564,3.88,1.1152000000000002,10092.0,4258.0,6448.0,6238.0,1.0
2022-09-02,90.79,95.305,9.166,3.827,1.0932,10800.0,4134.0,6201.0,5886.0,0.9
2022-09-09,85.28999999999999,90.42999999999999,8.305,3.746,1.059,10800.0,4134.0,6201.0,5886.0,0.9
2022-09-16,87.238,91.406,8.419999999999998,3.69,1.0457999999999998,10800.0,4134.0,6201.0,5886.0,0.9
2022-09-23,83.462,88.5425,7.694,3.654,0.967,10800.0,4134.0,6201.0,5886.0,0.9
2022-09-30,80.076,87.276,6.628,3.711,0.8674,10800.0,4134.0,6201.0,5886.0,0.9
2022-10-07,88.22200000000001,94.66,6.008,3.782,0.8972,10447.0,3956.0,6151.0,5784.0,1.0
2022-10-14,88.974,94.624,6.2875,3.912,0.8488,10447.0,3956.0,6151.0,5784.0,1.0
2022-10-21,85.356,91.036,5.484,3.871,0.8266,10447.0,3956.0,6151.0,5784.0,1.0
2022-10-28,87.87,93.014,5.116,3.769,0.8597999999999999,10447.0,3956.0,6151.0,5784.0,1.0
2022-11-04,89.136,95.862,4.564,3.742,0.874,10632.0,4083.0,6180.0,5881.0,1.0
2022-11-11,88.41,96.078,4.336,3.796,0.8784000000000001,10632.0,4083.0,6180.0,5881.0,1.0
2022-11-18,84.02000000000001,92.086,6.064,3.762,0.866,10632.0,4083.0,6180.0,5881.0,1.0
2022-11-25,78.7375,86.396,6.41,3.648,0.8256666666666667,10632.0,4083.0,6180.0,5881.0,1.0
2022-12-02,79.292,85.03,6.056,3.534,0.759,10902.0,4125.0,6163.0,6004.0,1.0
2022-12-09,73.064,78.556,4.598000000000001,3.39,0.6772,10902.0,4125.0,6163.0,6004.0,1.0
2022-12-16,75.124,80.80199999999999,6.779999999999999,3.239,0.6971999999999999,10902.0,4125.0,6163.0,6004.0,1.0
2022-12-23,77.27799999999999,80.678,6.348000000000001,3.12,0.6786,10902.0,4125.0,6163.0,6004.0,1.0
2022-12-30,79.2325,81.82666666666667,4.06,3.091,0.7035,10902.0,4125.0,6163.0,6004.0,1.0
2023-01-06,74.2675,77.2025,3.65,3.223,0.743,10318.0,3839.0,6370.0,5885.0,1.1
2023-01-13,77.096,80.60600000000001,3.4560000000000004,3.259,0.7898,10318.0,3839.0,6370.0,5885.0,1.1
2023-01-20,80.34,84.57000000000001,3.1725000000000003,3.31,0.88625,10318.0,3839.0,6370.0,5885.0,1.1
2023-01-27,80.326,85.904,3.084,3.415,0.9156000000000001,10318.0,3839.0,6370.0,5885.0,1.1
2023-02-03,76.506,81.87,2.638,3.489,0.853,9857.0,3917.0,5989.0,5767.0,1.0
2023-02-10,77.506,83.298,2.338,3.444,0.8378,9857.0,3917.0,5989.0,5767.0,1.0
2023-02-17,78.51,84.172,2.41,3.39,0.8262,9857.0,3917.0,5989.0,5767.0,1.0
2023-02-24,75.42,81.774,2.1799999999999997,3.379,0.812,9857.0,3917.0,5989.0,5767.0,1.0
2023-03-03,77.538,83.604,2.594,3.342,0.8766,9655.0,3800.0,5925.0,5984.0,1.2
2023-03-10,77.31,82.85799999999999,2.476,3.389,0.8618,9655.0,3800.0,5925.0,5984.0,1.2
2023-03-17,69.6,74.978,2.474,3.456,0.7363999999999999,9655.0,3800.0,5925.0,5984.0,1.2
2023-03-24,69.332,74.244,2.062,3.422,0.7343999999999999,9655.0,3800.0,5925.0,5984.0,1.2
2023-03-31,73.788,78.00399999999999,2.0100000000000002,3.421,0.7824,9655.0,3800.0,5925.0,5984.0,1.2
2023-04-07,80.6225,85.99000000000001,2.1425,3.497,0.831,9966.0,3617.0,5876.0,5570.0,1.1
2023-04-14,81.86600000000001,87.3625,2.0940000000000003,3.596,0.8308,9966.0,3617.0,5876.0,5570.0,1.1
2023-04-21,79.218,84.62,2.2060000000000004,3.663,0.8102,9966.0,3617.0,5876.0,5570.0,1.1
2023-04-28,76.314,81.396,2.206,3.656,0.7752000000000001,9966.0,3617.0,5876.0,5570.0,1.1
2023-05-05,71.164,74.61749999999999,2.036,3.6,0.731,9368.0,3999.0,6119.0,5840.0,1.0
2023-05-12,72.034,76.08,2.102,3.533,0.6836,9368.0,3999.0,6119.0,5840.0,1.0
2023-05-19,71.618,75.752,2.29,3.536,0.6348,9368.0,3999.0,6119.0,5840.0,1.0
2023-05-26,72.61600000000001,76.482,2.1759999999999997,3.534,0.6317999999999999,9368.0,3999.0,6119.0,5840.0,1.0
2023-06-02,69.8525,73.885,1.93,3.571,0.61325,9180.0,3693.0,5928.0,5680.0,1.1
2023-06-09,71.562,76.05999999999999,1.9899999999999998,3.541,0.6033999999999999,9180.0,3693.0,5928.0,5680.0,1.1
2023-06-16,69.422,74.388,2.052,3.595,0.5572,9180.0,3693.0,5928.0,5680.0,1.1
2023-06-23,70.405,75.25800000000001,2.2775,3.577,0.573,9180.0,3693.0,5928.0,5680.0,1.1
2023-06-30,69.364,73.55,2.5780000000000003,3.571,0.5486000000000001,9180.0,3693.0,5928.0,5680.0,1.1
2023-07-07,71.78999999999999,76.596,2.5300000000000002,3.527,0.542,8657.0,3552.0,5672.0,5564.0,1.1
2023-07-14,75.19800000000001,79.786,2.534,3.546,0.6144000000000001,8657.0,3552.0,5672.0,5564.0,1.1
2023-07-21,75.608,79.47999999999999,2.542,3.559,0.6402,8657.0,3552.0,5672.0,5564.0,1.1
2023-07-28,79.67999999999999,83.548,2.588,3.596,0.6848,8657.0,3552.0,5672.0,5564.0,1.1
2023-08-04,81.398,85.628,2.494,3.757,0.7234,9254.0,3621.0,5846.0,5651.0,1.1
2023-08-11,83.042,87.83,2.756,3.828,0.7188,9254.0,3621.0,5846.0,5651.0,1.1
2023-08-18,80.928,85.866,2.588,3.85,0.6288,9254.0,3621.0,5846.0,5651.0,1.1
2023-08-25,79.97200000000001,84.714,2.532,3.868,0.653,9254.0,3621.0,5846.0,5651.0,1.1
2023-09-01,82.5,87.565,2.568,3.813,0.6896,9259.0,3644.0,5773.0,5507.0,1.0
2023-09-08,87.1675,91.29400000000001,2.5175,3.807,0.74125,9259.0,3644.0,5773.0,5507.0,1.0
2023-09-15,89.144,93.86800000000001,2.7060000000000004,3.822,0.7692,9259.0,3644.0,5773.0,5507.0,1.0
2023-09-22,90.27799999999999,94.862,2.622,3.878,0.724,9259.0,3644.0,5773.0,5507.0,1.0
2023-09-29,91.44000000000001,95.614,2.664,3.837,0.6896,9259.0,3644.0,5773.0,5507.0,1.0
2023-10-06,85.50399999999999,90.328,2.91,3.798,0.7028,8580.0,3574.0,5765.0,5530.0,1.0
2023-10-13,85.0325,90.476,3.2,3.684,0.6908,8580.0,3574.0,5765.0,5530.0,1.0
2023-10-20,88.026,92.46799999999999,2.856,3.576,0.6594,8580.0,3574.0,5765.0,5530.0,1.0
2023-10-27,85.196,89.84,2.894,3.533,0.6536000000000001,8580.0,3574.0,5765.0,5530.0,1.0
2023-11-03,81.99,88.208,3.164,3.473,0.6532,8602.0,3576.0,5535.0,5494.0,1.0
2023-11-10,77.9225,83.52000000000001,2.462,3.396,0.6292,8602.0,3576.0,5535.0,5494.0,1.0
2023-11-17,76.976,81.928,2.742,3.349,0.6292,8602.0,3576.0,5535.0,5494.0,1.0
2023-11-24,77.02,81.62,2.64,3.289,0.64475,8602.0,3576.0,5535.0,5494.0,1.0
2023-12-01,75.494,80.914,2.7199999999999998,3.238,0.6644,8520.0,3412.0,5583.0,5430.0,1.1
2023-12-08,70.706,75.982,2.6239999999999997,3.231,0.7051999999999999,8520.0,3412.0,5583.0,5430.0,1.1
2023-12-15,70.114,75.578,2.384,3.136,0.6694000000000001,8520.0,3412.0,5583.0,5430.0,1.1
2023-12-22,73.228,80.154,2.506,3.053,0.678,8520.0,3412.0,5583.0,5430.0,1.1
2023-12-29,73.515,79.23333333333333,2.565,3.116,0.68875,8520.0,3412.0,5583.0,5430.0,1.1
2024-01-05,72.4925,76.88,2.6775,3.089,0.69475,8378.0,3347.0,5591.0,5367.0,1.0
2024-01-12,72.03,78.4,5.114,3.073,0.7586,8378.0,3347.0,5591.0,5367.0,1.0
2024-01-19,73.3575,80.108,2.9225,3.058,0.8875,8378.0,3347.0,5591.0,5367.0,1.0
2024-01-26,76.364,82.312,2.374,3.062,0.8824,8378.0,3347.0,5591.0,5367.0,1.0
2024-02-02,75.782,82.57000000000001,2.2039999999999997,3.095,0.9166000000000001,8440.0,3482.0,5618.0,5513.0,1.1
2024-02-09,75.046,81.506,1.9280000000000002,3.136,0.9224,8440.0,3482.0,5618.0,5513.0,1.1
2024-02-16,78.16600000000001,84.44399999999999,1.592,3.192,0.9368000000000001,8440.0,3482.0,5618.0,5513.0,1.1
2024-02-23,78.7125,85.018,1.5550000000000002,3.269,0.885,8440.0,3482.0,5618.0,5513.0,1.1
2024-03-01,79.578,84.256,1.584,3.249,0.857,8206.0,3289.0,5452.0,5265.0,1.0
2024-03-08,79.526,85.63199999999999,1.552,3.35,0.8032,8206.0,3289.0,5452.0,5265.0,1.0
2024-03-15,80.42999999999999,84.52000000000001,1.4,3.376,0.7644,8206.0,3289.0,5452.0,5265.0,1.0
2024-03-22,82.78999999999999,85.878,1.544,3.453,0.8150000000000001,8206.0,3289.0,5452.0,5265.0,1.0
2024-03-29,82.7325,85.8,1.4775,3.523,0.8262499999999999,8206.0,3289.0,5452.0,5265.0,1.0
2024-04-05,86.354,90.34,1.702,3.517,0.8343999999999999,7529.0,3438.0,5469.0,5370.0,1.0
2024-04-12,86.502,92.008,1.688,3.591,0.8256,7529.0,3438.0,5469.0,5370.0,1.0
2024-04-19,84.646,89.59400000000001,1.462,3.628,0.7854,7529.0,3438.0,5469.0,5370.0,1.0
2024-04-26,84.476,88.532,1.5379999999999998,3.668,0.7706000000000001,7529.0,3438.0,5469.0,5370.0,1.0
2024-05-03,81.738,85.726,1.638,3.653,0.7274,7782.0,3386.0,5492.0,5424.0,1.1
2024-05-10,80.262,82.94749999999999,2.002,3.643,0.6832,7782.0,3386.0,5492.0,5424.0,1.1
2024-05-17,80.614,81.61,2.226,3.608,0.6806000000000001,7782.0,3386.0,5492.0,5424.0,1.1
2024-05-24,79.42999999999999,80.24,2.482,3.584,0.7068,7782.0,3386.0,5492.0,5424.0,1.1
2024-05-31,79.5175,80.9175,2.035,3.577,0.72025,7782.0,3386.0,5492.0,5424.0,1.1
2024-06-07,75.532,76.586,2.432,3.516,0.6888,7416.0,3280.0,5137.0,5082.0,0.9
2024-06-14,79.24199999999999,80.638,2.73,3.429,0.7684,7416.0,3280.0,5137.0,5082.0,0.9
2024-06-21,82.2625,85.04400000000001,2.44,3.435,0.7877500000000001,7416.0,3280.0,5137.0,5082.0,0.9
2024-06-28,82.532,86.71600000000001,2.522,3.438,0.8082,7416.0,3280.0,5137.0,5082.0,0.9
2024-07-05,84.605,88.02000000000001,2.0775,3.479,0.8443333333333333,7426.0,3359.0,5430.0,5390.0,1.1
2024-07-12,83.442,86.804,2.2640000000000002,3.489,0.819,7426.0,3359.0,5430.0,5390.0,1.1
2024-07-19,82.97999999999999,86.046,2.016,3.496,0.7838,7426.0,3359.0,5430.0,5390.0,1.1
2024-07-26,79.256,82.51599999999999,2.06,3.471,0.7768,7426.0,3359.0,5430.0,5390.0,1.1
2024-08-02,77.106,80.262,1.8980000000000001,3.484,0.7564,7520.0,3240.0,5204.0,5226.0,1.1
2024-08-09,76.332,78.84400000000001,1.8820000000000001,3.448,0.7452,7520.0,3240.0,5204.0,5226.0,1.1
2024-08-16,79.488,82.474,2.128,3.414,0.759,7520.0,3240.0,5204.0,5226.0,1.1
2024-08-23,74.678,79.57000000000001,2.0380000000000003,3.382,0.7608,7520.0,3240.0,5204.0,5226.0,1.1
2024-08-30,76.362,80.825,1.9419999999999997,3.313,0.7622,7520.0,3240.0,5204.0,5226.0,1.1
2024-09-06,70.015,75.248,2.0225,3.289,0.702,6943.0,3123.0,5427.0,5160.0,1.1
2024-09-13,68.822,72.102,2.134,3.236,0.6346,6943.0,3123.0,5427.0,5160.0,1.1
2024-09-20,72.142,74.984,2.262,3.18,0.6606,6943.0,3123.0,5427.0,5160.0,1.1
2024-09-27,70.218,74.066,2.56,3.185,0.6278,6943.0,3123.0,5427.0,5160.0,1.1
2024-10-04,71.832,75.88,2.666,3.179,0.7699999999999999,7379.0,3215.0,5228.0,5137.0,1.0
2024-10-11,75.688,79.342,2.404,3.136,0.8141999999999999,7379.0,3215.0,5228.0,5137.0,1.0
2024-10-18,70.8075,74.584,2.1475,3.171,0.7542,7379.0,3215.0,5228.0,5137.0,1.0
2024-10-25,71.59400000000001,74.69000000000001,1.8780000000000001,3.144,0.7622,7379.0,3215.0,5228.0,5137.0,1.0
2024-11-01,68.686,72.61,1.8239999999999998,3.097,0.745,7566.0,3050.0,5155.0,5156.0,1.2
2024-11-08,71.89,75.632,1.4940000000000002,3.069,0.8094000000000001,7566.0,3050.0,5155.0,5156.0,1.2
2024-11-15,68.3775,72.89,1.7899999999999998,3.052,0.7918000000000001,7566.0,3050.0,5155.0,5156.0,1.2
2024-11-22,70.106,74.838,2.35,3.046,0.8054,7566.0,3050.0,5155.0,5156.0,1.2
2024-11-29,68.9375,74.164,3.1875,3.044,0.8249999999999998,7566.0,3050.0,5155.0,5156.0,1.2
2024-12-06,68.894,73.97,2.904,3.034,0.7832000000000001,7295.0,3085.0,5292.0,5049.0,1.1
2024-12-13,69.97200000000001,74.032,3.024,3.008,0.7684,7295.0,3085.0,5292.0,5049.0,1.1
2024-12-20,70.39,73.794,2.996,3.016,0.7622,7295.0,3085.0,5292.0,5049.0,1.1
2024-12-27,70.5075,73.13,2.9275,3.024,0.7655000000000001,7295.0,3085.0,5292.0,5049.0,1.1
2025-01-03,73.15,75.42,3.46,3.006,0.826,7431.0,3203.0,5238.0,5241.0,1.1
2025-01-10,75.14,78.136,3.934,3.047,0.8682000000000001,7431.0,3203.0,5238.0,5241.0,1.1
2025-01-17,79.282,82.79400000000001,5.465999999999999,3.043,0.9484,7431.0,3203.0,5238.0,5241.0,1.1
2025-01-24,75.7275,79.916,4.015000000000001,3.109,0.915,7431.0,3203.0,5238.0,5241.0,1.1
2025-01-31,73.308,77.372,3.308,3.103,0.8948,7431.0,3203.0,5238.0,5241.0,1.1
2025-02-07,72.048,75.4,3.28,3.082,0.9222000000000001,7242.0,3153.0,5236.0,5285.0,1.2
2025-02-14,72.166,76.012,4.026,3.128,0.9292,7242.0,3153.0,5236.0,5285.0,1.2
2025-02-21,72.0975,76.088,5.9,3.148,0.9015,7242.0,3153.0,5236.0,5285.0,1.2
2025-02-28,69.934,74.252,3.8920000000000003,3.125,0.9432,7242.0,3153.0,5236.0,5285.0,1.2
2025-03-07,67.518,71.92999999999999,4.273999999999999,3.078,0.8618,6952.0,3456.0,5333.0,5288.0,1.0
2025-03-14,66.946,71.542,4.152,3.069,0.8452,6952.0,3456.0,5333.0,5288.0,1.0
2025-03-21,67.96000000000001,72.21000000000001,4.138,3.058,0.8638,6952.0,3456.0,5333.0,5288.0,1.0
2025-03-28,69.806,74.35,3.918,3.115,0.9046,6952.0,3456.0,5333.0,5288.0,1.0
2025-04-04,69.09,74.636,4.072,3.162,0.8798,7098.0,3144.0,5391.0,5270.0,1.1
2025-04-11,61.239999999999995,66.098,3.6759999999999997,3.243,0.7476,7098.0,3144.0,5391.0,5270.0,1.1
2025-04-18,62.92,67.7575,3.2575,3.168,0.835,7098.0,3144.0,5391.0,5270.0,1.1
2025-04-25,63.624,67.92,2.996,3.141,0.8736,7098.0,3144.0,5391.0,5270.0,1.1
2025-05-02,60.989999999999995,63.496,3.086,3.133,0.8558,7310.0,3287.0,5328.0,5288.0,1.1
2025-05-09,60.391999999999996,62.29,3.194,3.147,0.7036,7310.0,3287.0,5328.0,5288.0,1.1
2025-05-16,63.94200000000001,65.536,3.196,3.12,0.7807999999999999,7310.0,3287.0,5328.0,5288.0,1.1
2025-05-23,63.263999999999996,65.864,3.048,3.173,0.7646,7310.0,3287.0,5328.0,5288.0,1.1
2025-05-30,61.817499999999995,64.74,3.0300000000000002,3.16,0.74175,7310.0,3287.0,5328.0,5288.0,1.1
2025-06-06,64.06,67.176,2.836,3.127,0.7243999999999999,7204.0,3254.0,5327.0,5432.0,1.2
2025-06-13,68.626,71.054,2.84,3.108,0.7716000000000001,7204.0,3254.0,5327.0,5432.0,1.2
2025-06-20,74.94,78.24600000000001,3.08,3.139,0.8055000000000001,7204.0,3254.0,5327.0,5432.0,1.2
2025-06-27,66.77799999999999,69.962,3.304,3.213,0.7412,7204.0,3254.0,5327.0,5432.0,1.2
2025-07-04,67.4325,69.606,3.185,3.164,0.713,7089.0,3132.0,5225.0,5170.0,1.1
2025-07-11,69.146,71.774,3.1700000000000004,3.125,0.7312,7089.0,3132.0,5225.0,5170.0,1.1
2025-07-18,68.074,70.65599999999999,3.3920000000000003,3.13,0.703,7089.0,3132.0,5225.0,5170.0,1.1
2025-07-25,67.10799999999999,70.086,3.194,3.121,0.6914,7089.0,3132.0,5225.0,5170.0,1.1
2025-08-01,69.584,72.408,3.034,3.123,0.7176,6919.0,3095.0,5145.0,5207.0,1.2
2025-08-08,65.75,68.166,2.9939999999999998,3.14,0.6666000000000001,6919.0,3095.0,5145.0,5207.0,1.2
2025-08-15,64.34,67.166,2.9379999999999997,3.118,0.6642,6919.0,3095.0,5145.0,5207.0,1.2
2025-08-22,64.144,67.822,2.854,3.125,0.6668000000000001,6919.0,3095.0,5145.0,5207.0,1.2
2025-08-29,64.518,67.77,2.848,3.147,0.6758000000000001,6919.0,3095.0,5145.0,5207.0,1.2
2025-09-05,64.08500000000001,66.854,2.965,3.177,0.68225,7169.0,2990.0,5244.0,5161.0,1.1
2025-09-12,63.062,67.22999999999999,2.9560000000000004,3.192,0.6818000000000001,7169.0,2990.0,5244.0,5161.0,1.1
2025-09-19,63.977999999999994,68.328,3.05,3.168,0.69,7169.0,2990.0,5244.0,5161.0,1.1
2025-09-26,64.83200000000001,69.22,2.904,3.173,0.699,7169.0,2990.0,5244.0,5161.0,1.1
2025-10-03,62.592,67.152,3.16,3.118,0.6772,7170.0,2980.0,5180.0,5125.0,1.2
2025-10-10,62.098,66.65,3.228,3.124,0.646,7170.0,2980.0,5180.0,5125.0,1.2
2025-10-17,58.7975,62.358000000000004,2.798,3.061,0.6108,7170.0,2980.0,5180.0,5125.0,1.2
2025-10-24,60.202,63.222,3.254,3.019,0.6216,7170.0,2980.0,5180.0,5125.0,1.2
2025-10-31,61.49400000000001,65.022,3.4259999999999997,3.035,0.6542,7170.0,2980.0,5180.0,5125.0,1.2
2025-11-07,60.870000000000005,64.3,3.54,3.019,0.6082,6846.0,3119.0,5019.0,5035.0,1.0
2025-11-14,60.162499999999994,62.86800000000001,3.6225,3.056,0.6066,6846.0,3119.0,5019.0,5035.0,1.0
2025-11-21,60.274,63.644000000000005,3.8899999999999997,3.062,0.605,6846.0,3119.0,5019.0,5035.0,1.0
2025-11-28,58.6875,64.376,4.286666666666666,3.061,0.5953333333333334,6846.0,3119.0,5019.0,5035.0,1.0
2025-12-05,59.484,63.982000000000006,4.970000000000001,2.985,0.6794,6550.0,3225.0,5272.0,5203.0,1.1
2025-12-12,58.29600000000001,62.604,4.598000000000001,2.94,0.6688000000000001,6550.0,3225.0,5272.0,5203.0,1.1
2025-12-19,56.3,60.826,3.718,2.895,0.6214000000000001,6550.0,3225.0,5272.0,5203.0,1.1
2025-12-26,58.0125,63.20666666666667,3.453333333333333,2.841,0.6243333333333333,6550.0,3225.0,5272.0,5203.0,1.1
2026-01-02,57.5375,62.1825,4.25,2.811,0.613,7240.0,3131.0,5347.0,5144.0,1.0
2026-01-09,57.556,62.926,2.912,2.796,0.598,7240.0,3131.0,5347.0,5144.0,1.0
2026-01-16,60.122,66.99600000000001,3.002,2.779,0.5962,7240.0,3131.0,5347.0,5144.0,1.0
2026-01-23,60.155,66.986,12.024999999999999,2.806,0.64525,7240.0,3131.0,5347.0,5144.0,1.0
2026-01-30,62.903999999999996,70.426,13.794,2.853,0.6524,7240.0,3131.0,5347.0,5144.0,1.0
2026-02-06,63.089999999999996,69.84,5.008,2.867,0.6256,6882.0,2974.0,4849.0,4971.0,1.1
2026-02-13,63.931999999999995,70.696,3.2700000000000005,2.902,0.6093999999999999,6882.0,2974.0,4849.0,4971.0,1.1
2026-02-20,65.3025,71.65599999999999,3.0875,2.924,0.605,6882.0,2974.0,4849.0,4971.0,1.1
2026-02-27,65.868,71.356,3.0140000000000002,2.937,0.6142,6882.0,2974.0,4849.0,4971.0,1.1
2026-03-06,78.368,85.282,2.992,3.015,0.7024,6882.0,2974.0,4849.0,4971.0,1.1
2026-03-13,91.85,96.15599999999999,3.19,3.502,0.7288,6882.0,2974.0,4849.0,4971.0,1.1
2026-03-20,96.06800000000001,111.398,3.1079999999999997,3.72,0.724,6882.0,2974.0,4849.0,4971.0,1.1
2026-03-27,94.292,111.242,2.952,3.961,0.724,6882.0,2974.0,4849.0,4971.0,1.1
2026-04-03,104.69,121.88,2.88,3.99,0.835,6882.0,2974.0,4849.0,4971.0,1.1
