date,Gini_Index_USA
1963-01-04,36.7
1963-01-11,36.7
1963-01-18,36.7
1963-01-25,36.7
1963-02-01,36.7
1963-02-08,36.7
1963-02-15,36.7
1963-02-22,36.7
1963-03-01,36.7
1963-03-08,36.7
1963-03-15,36.7
1963-03-22,36.7
1963-03-29,36.7
1963-04-05,36.7
1963-04-12,36.7
1963-04-19,36.7
1963-04-26,36.7
1963-05-03,36.7
1963-05-10,36.7
1963-05-17,36.7
1963-05-24,36.7
1963-05-31,36.7
1963-06-07,36.7
1963-06-14,36.7
1963-06-21,36.7
1963-06-28,36.7
1963-07-05,36.7
1963-07-12,36.7
1963-07-19,36.7
1963-07-26,36.7
1963-08-02,36.7
1963-08-09,36.7
1963-08-16,36.7
1963-08-23,36.7
1963-08-30,36.7
1963-09-06,36.7
1963-09-13,36.7
1963-09-20,36.7
1963-09-27,36.7
1963-10-04,36.7
1963-10-11,36.7
1963-10-18,36.7
1963-10-25,36.7
1963-11-01,36.7
1963-11-08,36.7
1963-11-15,36.7
1963-11-22,36.7
1963-11-29,36.7
1963-12-06,36.7
1963-12-13,36.7
1963-12-20,36.7
1963-12-27,36.7
1964-01-03,37.4
1964-01-10,37.4
1964-01-17,37.4
1964-01-24,37.4
1964-01-31,37.4
1964-02-07,37.4
1964-02-14,37.4
1964-02-21,37.4
1964-02-28,37.4
1964-03-06,37.4
1964-03-13,37.4
1964-03-20,37.4
1964-03-27,37.4
1964-04-03,37.4
1964-04-10,37.4
1964-04-17,37.4
1964-04-24,37.4
1964-05-01,37.4
1964-05-08,37.4
1964-05-15,37.4
1964-05-22,37.4
1964-05-29,37.4
1964-06-05,37.4
1964-06-12,37.4
1964-06-19,37.4
1964-06-26,37.4
1964-07-03,37.4
1964-07-10,37.4
1964-07-17,37.4
1964-07-24,37.4
1964-07-31,37.4
1964-08-07,37.4
1964-08-14,37.4
1964-08-21,37.4
1964-08-28,37.4
1964-09-04,37.4
1964-09-11,37.4
1964-09-18,37.4
1964-09-25,37.4
1964-10-02,37.4
1964-10-09,37.4
1964-10-16,37.4
1964-10-23,37.4
1964-10-30,37.4
1964-11-06,37.4
1964-11-13,37.4
1964-11-20,37.4
1964-11-27,37.4
1964-12-04,37.4
1964-12-11,37.4
1964-12-18,37.4
1964-12-25,37.4
1965-01-01,36.8
1965-01-08,36.8
1965-01-15,36.8
1965-01-22,36.8
1965-01-29,36.8
1965-02-05,36.8
1965-02-12,36.8
1965-02-19,36.8
1965-02-26,36.8
1965-03-05,36.8
1965-03-12,36.8
1965-03-19,36.8
1965-03-26,36.8
1965-04-02,36.8
1965-04-09,36.8
1965-04-16,36.8
1965-04-23,36.8
1965-04-30,36.8
1965-05-07,36.8
1965-05-14,36.8
1965-05-21,36.8
1965-05-28,36.8
1965-06-04,36.8
1965-06-11,36.8
1965-06-18,36.8
1965-06-25,36.8
1965-07-02,36.8
1965-07-09,36.8
1965-07-16,36.8
1965-07-23,36.8
1965-07-30,36.8
1965-08-06,36.8
1965-08-13,36.8
1965-08-20,36.8
1965-08-27,36.8
1965-09-03,36.8
1965-09-10,36.8
1965-09-17,36.8
1965-09-24,36.8
1965-10-01,36.8
1965-10-08,36.8
1965-10-15,36.8
1965-10-22,36.8
1965-10-29,36.8
1965-11-05,36.8
1965-11-12,36.8
1965-11-19,36.8
1965-11-26,36.8
1965-12-03,36.8
1965-12-10,36.8
1965-12-17,36.8
1965-12-24,36.8
1965-12-31,36.8
1966-01-07,37.1
1966-01-14,37.1
1966-01-21,37.1
1966-01-28,37.1
1966-02-04,37.1
1966-02-11,37.1
1966-02-18,37.1
1966-02-25,37.1
1966-03-04,37.1
1966-03-11,37.1
1966-03-18,37.1
1966-03-25,37.1
1966-04-01,37.1
1966-04-08,37.1
1966-04-15,37.1
1966-04-22,37.1
1966-04-29,37.1
1966-05-06,37.1
1966-05-13,37.1
1966-05-20,37.1
1966-05-27,37.1
1966-06-03,37.1
1966-06-10,37.1
1966-06-17,37.1
1966-06-24,37.1
1966-07-01,37.1
1966-07-08,37.1
1966-07-15,37.1
1966-07-22,37.1
1966-07-29,37.1
1966-08-05,37.1
1966-08-12,37.1
1966-08-19,37.1
1966-08-26,37.1
1966-09-02,37.1
1966-09-09,37.1
1966-09-16,37.1
1966-09-23,37.1
1966-09-30,37.1
1966-10-07,37.1
1966-10-14,37.1
1966-10-21,37.1
1966-10-28,37.1
1966-11-04,37.1
1966-11-11,37.1
1966-11-18,37.1
1966-11-25,37.1
1966-12-02,37.1
1966-12-09,37.1
1966-12-16,37.1
1966-12-23,37.1
1966-12-30,37.1
1967-01-06,36.9
1967-01-13,36.9
1967-01-20,36.9
1967-01-27,36.9
1967-02-03,36.9
1967-02-10,36.9
1967-02-17,36.9
1967-02-24,36.9
1967-03-03,36.9
1967-03-10,36.9
1967-03-17,36.9
1967-03-24,36.9
1967-03-31,36.9
1967-04-07,36.9
1967-04-14,36.9
1967-04-21,36.9
1967-04-28,36.9
1967-05-05,36.9
1967-05-12,36.9
1967-05-19,36.9
1967-05-26,36.9
1967-06-02,36.9
1967-06-09,36.9
1967-06-16,36.9
1967-06-23,36.9
1967-06-30,36.9
1967-07-07,36.9
1967-07-14,36.9
1967-07-21,36.9
1967-07-28,36.9
1967-08-04,36.9
1967-08-11,36.9
1967-08-18,36.9
1967-08-25,36.9
1967-09-01,36.9
1967-09-08,36.9
1967-09-15,36.9
1967-09-22,36.9
1967-09-29,36.9
1967-10-06,36.9
1967-10-13,36.9
1967-10-20,36.9
1967-10-27,36.9
1967-11-03,36.9
1967-11-10,36.9
1967-11-17,36.9
1967-11-24,36.9
1967-12-01,36.9
1967-12-08,36.9
1967-12-15,36.9
1967-12-22,36.9
1967-12-29,36.9
1968-01-05,36.3
1968-01-12,36.3
1968-01-19,36.3
1968-01-26,36.3
1968-02-02,36.3
1968-02-09,36.3
1968-02-16,36.3
1968-02-23,36.3
1968-03-01,36.3
1968-03-08,36.3
1968-03-15,36.3
1968-03-22,36.3
1968-03-29,36.3
1968-04-05,36.3
1968-04-12,36.3
1968-04-19,36.3
1968-04-26,36.3
1968-05-03,36.3
1968-05-10,36.3
1968-05-17,36.3
1968-05-24,36.3
1968-05-31,36.3
1968-06-07,36.3
1968-06-14,36.3
1968-06-21,36.3
1968-06-28,36.3
1968-07-05,36.3
1968-07-12,36.3
1968-07-19,36.3
1968-07-26,36.3
1968-08-02,36.3
1968-08-09,36.3
1968-08-16,36.3
1968-08-23,36.3
1968-08-30,36.3
1968-09-06,36.3
1968-09-13,36.3
1968-09-20,36.3
1968-09-27,36.3
1968-10-04,36.3
1968-10-11,36.3
1968-10-18,36.3
1968-10-25,36.3
1968-11-01,36.3
1968-11-08,36.3
1968-11-15,36.3
1968-11-22,36.3
1968-11-29,36.3
1968-12-06,36.3
1968-12-13,36.3
1968-12-20,36.3
1968-12-27,36.3
1969-01-03,36.0
1969-01-10,36.0
1969-01-17,36.0
1969-01-24,36.0
1969-01-31,36.0
1969-02-07,36.0
1969-02-14,36.0
1969-02-21,36.0
1969-02-28,36.0
1969-03-07,36.0
1969-03-14,36.0
1969-03-21,36.0
1969-03-28,36.0
1969-04-04,36.0
1969-04-11,36.0
1969-04-18,36.0
1969-04-25,36.0
1969-05-02,36.0
1969-05-09,36.0
1969-05-16,36.0
1969-05-23,36.0
1969-05-30,36.0
1969-06-06,36.0
1969-06-13,36.0
1969-06-20,36.0
1969-06-27,36.0
1969-07-04,36.0
1969-07-11,36.0
1969-07-18,36.0
1969-07-25,36.0
1969-08-01,36.0
1969-08-08,36.0
1969-08-15,36.0
1969-08-22,36.0
1969-08-29,36.0
1969-09-05,36.0
1969-09-12,36.0
1969-09-19,36.0
1969-09-26,36.0
1969-10-03,36.0
1969-10-10,36.0
1969-10-17,36.0
1969-10-24,36.0
1969-10-31,36.0
1969-11-07,36.0
1969-11-14,36.0
1969-11-21,36.0
1969-11-28,36.0
1969-12-05,36.0
1969-12-12,36.0
1969-12-19,36.0
1969-12-26,36.0
1970-01-02,36.6
1970-01-09,36.6
1970-01-16,36.6
1970-01-23,36.6
1970-01-30,36.6
1970-02-06,36.6
1970-02-13,36.6
1970-02-20,36.6
1970-02-27,36.6
1970-03-06,36.6
1970-03-13,36.6
1970-03-20,36.6
1970-03-27,36.6
1970-04-03,36.6
1970-04-10,36.6
1970-04-17,36.6
1970-04-24,36.6
1970-05-01,36.6
1970-05-08,36.6
1970-05-15,36.6
1970-05-22,36.6
1970-05-29,36.6
1970-06-05,36.6
1970-06-12,36.6
1970-06-19,36.6
1970-06-26,36.6
1970-07-03,36.6
1970-07-10,36.6
1970-07-17,36.6
1970-07-24,36.6
1970-07-31,36.6
1970-08-07,36.6
1970-08-14,36.6
1970-08-21,36.6
1970-08-28,36.6
1970-09-04,36.6
1970-09-11,36.6
1970-09-18,36.6
1970-09-25,36.6
1970-10-02,36.6
1970-10-09,36.6
1970-10-16,36.6
1970-10-23,36.6
1970-10-30,36.6
1970-11-06,36.6
1970-11-13,36.6
1970-11-20,36.6
1970-11-27,36.6
1970-12-04,36.6
1970-12-11,36.6
1970-12-18,36.6
1970-12-25,36.6
1971-01-01,36.9
1971-01-08,36.9
1971-01-15,36.9
1971-01-22,36.9
1971-01-29,36.9
1971-02-05,36.9
1971-02-12,36.9
1971-02-19,36.9
1971-02-26,36.9
1971-03-05,36.9
1971-03-12,36.9
1971-03-19,36.9
1971-03-26,36.9
1971-04-02,36.9
1971-04-09,36.9
1971-04-16,36.9
1971-04-23,36.9
1971-04-30,36.9
1971-05-07,36.9
1971-05-14,36.9
1971-05-21,36.9
1971-05-28,36.9
1971-06-04,36.9
1971-06-11,36.9
1971-06-18,36.9
1971-06-25,36.9
1971-07-02,36.9
1971-07-09,36.9
1971-07-16,36.9
1971-07-23,36.9
1971-07-30,36.9
1971-08-06,36.9
1971-08-13,36.9
1971-08-20,36.9
1971-08-27,36.9
1971-09-03,36.9
1971-09-10,36.9
1971-09-17,36.9
1971-09-24,36.9
1971-10-01,36.9
1971-10-08,36.9
1971-10-15,36.9
1971-10-22,36.9
1971-10-29,36.9
1971-11-05,36.9
1971-11-12,36.9
1971-11-19,36.9
1971-11-26,36.9
1971-12-03,36.9
1971-12-10,36.9
1971-12-17,36.9
1971-12-24,36.9
1971-12-31,36.9
1972-01-07,36.7
1972-01-14,36.7
1972-01-21,36.7
1972-01-28,36.7
1972-02-04,36.7
1972-02-11,36.7
1972-02-18,36.7
1972-02-25,36.7
1972-03-03,36.7
1972-03-10,36.7
1972-03-17,36.7
1972-03-24,36.7
1972-03-31,36.7
1972-04-07,36.7
1972-04-14,36.7
1972-04-21,36.7
1972-04-28,36.7
1972-05-05,36.7
1972-05-12,36.7
1972-05-19,36.7
1972-05-26,36.7
1972-06-02,36.7
1972-06-09,36.7
1972-06-16,36.7
1972-06-23,36.7
1972-06-30,36.7
1972-07-07,36.7
1972-07-14,36.7
1972-07-21,36.7
1972-07-28,36.7
1972-08-04,36.7
1972-08-11,36.7
1972-08-18,36.7
1972-08-25,36.7
1972-09-01,36.7
1972-09-08,36.7
1972-09-15,36.7
1972-09-22,36.7
1972-09-29,36.7
1972-10-06,36.7
1972-10-13,36.7
1972-10-20,36.7
1972-10-27,36.7
1972-11-03,36.7
1972-11-10,36.7
1972-11-17,36.7
1972-11-24,36.7
1972-12-01,36.7
1972-12-08,36.7
1972-12-15,36.7
1972-12-22,36.7
1972-12-29,36.7
1973-01-05,36.1
1973-01-12,36.1
1973-01-19,36.1
1973-01-26,36.1
1973-02-02,36.1
1973-02-09,36.1
1973-02-16,36.1
1973-02-23,36.1
1973-03-02,36.1
1973-03-09,36.1
1973-03-16,36.1
1973-03-23,36.1
1973-03-30,36.1
1973-04-06,36.1
1973-04-13,36.1
1973-04-20,36.1
1973-04-27,36.1
1973-05-04,36.1
1973-05-11,36.1
1973-05-18,36.1
1973-05-25,36.1
1973-06-01,36.1
1973-06-08,36.1
1973-06-15,36.1
1973-06-22,36.1
1973-06-29,36.1
1973-07-06,36.1
1973-07-13,36.1
1973-07-20,36.1
1973-07-27,36.1
1973-08-03,36.1
1973-08-10,36.1
1973-08-17,36.1
1973-08-24,36.1
1973-08-31,36.1
1973-09-07,36.1
1973-09-14,36.1
1973-09-21,36.1
1973-09-28,36.1
1973-10-05,36.1
1973-10-12,36.1
1973-10-19,36.1
1973-10-26,36.1
1973-11-02,36.1
1973-11-09,36.1
1973-11-16,36.1
1973-11-23,36.1
1973-11-30,36.1
1973-12-07,36.1
1973-12-14,36.1
1973-12-21,36.1
1973-12-28,36.1
1974-01-04,35.5
1974-01-11,35.5
1974-01-18,35.5
1974-01-25,35.5
1974-02-01,35.5
1974-02-08,35.5
1974-02-15,35.5
1974-02-22,35.5
1974-03-01,35.5
1974-03-08,35.5
1974-03-15,35.5
1974-03-22,35.5
1974-03-29,35.5
1974-04-05,35.5
1974-04-12,35.5
1974-04-19,35.5
1974-04-26,35.5
1974-05-03,35.5
1974-05-10,35.5
1974-05-17,35.5
1974-05-24,35.5
1974-05-31,35.5
1974-06-07,35.5
1974-06-14,35.5
1974-06-21,35.5
1974-06-28,35.5
1974-07-05,35.5
1974-07-12,35.5
1974-07-19,35.5
1974-07-26,35.5
1974-08-02,35.5
1974-08-09,35.5
1974-08-16,35.5
1974-08-23,35.5
1974-08-30,35.5
1974-09-06,35.5
1974-09-13,35.5
1974-09-20,35.5
1974-09-27,35.5
1974-10-04,35.5
1974-10-11,35.5
1974-10-18,35.5
1974-10-25,35.5
1974-11-01,35.5
1974-11-08,35.5
1974-11-15,35.5
1974-11-22,35.5
1974-11-29,35.5
1974-12-06,35.5
1974-12-13,35.5
1974-12-20,35.5
1974-12-27,35.5
1975-01-03,35.6
1975-01-10,35.6
1975-01-17,35.6
1975-01-24,35.6
1975-01-31,35.6
1975-02-07,35.6
1975-02-14,35.6
1975-02-21,35.6
1975-02-28,35.6
1975-03-07,35.6
1975-03-14,35.6
1975-03-21,35.6
1975-03-28,35.6
1975-04-04,35.6
1975-04-11,35.6
1975-04-18,35.6
1975-04-25,35.6
1975-05-02,35.6
1975-05-09,35.6
1975-05-16,35.6
1975-05-23,35.6
1975-05-30,35.6
1975-06-06,35.6
1975-06-13,35.6
1975-06-20,35.6
1975-06-27,35.6
1975-07-04,35.6
1975-07-11,35.6
1975-07-18,35.6
1975-07-25,35.6
1975-08-01,35.6
1975-08-08,35.6
1975-08-15,35.6
1975-08-22,35.6
1975-08-29,35.6
1975-09-05,35.6
1975-09-12,35.6
1975-09-19,35.6
1975-09-26,35.6
1975-10-03,35.6
1975-10-10,35.6
1975-10-17,35.6
1975-10-24,35.6
1975-10-31,35.6
1975-11-07,35.6
1975-11-14,35.6
1975-11-21,35.6
1975-11-28,35.6
1975-12-05,35.6
1975-12-12,35.6
1975-12-19,35.6
1975-12-26,35.6
1976-01-02,35.6
1976-01-09,35.6
1976-01-16,35.6
1976-01-23,35.6
1976-01-30,35.6
1976-02-06,35.6
1976-02-13,35.6
1976-02-20,35.6
1976-02-27,35.6
1976-03-05,35.6
1976-03-12,35.6
1976-03-19,35.6
1976-03-26,35.6
1976-04-02,35.6
1976-04-09,35.6
1976-04-16,35.6
1976-04-23,35.6
1976-04-30,35.6
1976-05-07,35.6
1976-05-14,35.6
1976-05-21,35.6
1976-05-28,35.6
1976-06-04,35.6
1976-06-11,35.6
1976-06-18,35.6
1976-06-25,35.6
1976-07-02,35.6
1976-07-09,35.6
1976-07-16,35.6
1976-07-23,35.6
1976-07-30,35.6
1976-08-06,35.6
1976-08-13,35.6
1976-08-20,35.6
1976-08-27,35.6
1976-09-03,35.6
1976-09-10,35.6
1976-09-17,35.6
1976-09-24,35.6
1976-10-01,35.6
1976-10-08,35.6
1976-10-15,35.6
1976-10-22,35.6
1976-10-29,35.6
1976-11-05,35.6
1976-11-12,35.6
1976-11-19,35.6
1976-11-26,35.6
1976-12-03,35.6
1976-12-10,35.6
1976-12-17,35.6
1976-12-24,35.6
1976-12-31,35.6
1977-01-07,35.5
1977-01-14,35.5
1977-01-21,35.5
1977-01-28,35.5
1977-02-04,35.5
1977-02-11,35.5
1977-02-18,35.5
1977-02-25,35.5
1977-03-04,35.5
1977-03-11,35.5
1977-03-18,35.5
1977-03-25,35.5
1977-04-01,35.5
1977-04-08,35.5
1977-04-15,35.5
1977-04-22,35.5
1977-04-29,35.5
1977-05-06,35.5
1977-05-13,35.5
1977-05-20,35.5
1977-05-27,35.5
1977-06-03,35.5
1977-06-10,35.5
1977-06-17,35.5
1977-06-24,35.5
1977-07-01,35.5
1977-07-08,35.5
1977-07-15,35.5
1977-07-22,35.5
1977-07-29,35.5
1977-08-05,35.5
1977-08-12,35.5
1977-08-19,35.5
1977-08-26,35.5
1977-09-02,35.5
1977-09-09,35.5
1977-09-16,35.5
1977-09-23,35.5
1977-09-30,35.5
1977-10-07,35.5
1977-10-14,35.5
1977-10-21,35.5
1977-10-28,35.5
1977-11-04,35.5
1977-11-11,35.5
1977-11-18,35.5
1977-11-25,35.5
1977-12-02,35.5
1977-12-09,35.5
1977-12-16,35.5
1977-12-23,35.5
1977-12-30,35.5
1978-01-06,34.8
1978-01-13,34.8
1978-01-20,34.8
1978-01-27,34.8
1978-02-03,34.8
1978-02-10,34.8
1978-02-17,34.8
1978-02-24,34.8
1978-03-03,34.8
1978-03-10,34.8
1978-03-17,34.8
1978-03-24,34.8
1978-03-31,34.8
1978-04-07,34.8
1978-04-14,34.8
1978-04-21,34.8
1978-04-28,34.8
1978-05-05,34.8
1978-05-12,34.8
1978-05-19,34.8
1978-05-26,34.8
1978-06-02,34.8
1978-06-09,34.8
1978-06-16,34.8
1978-06-23,34.8
1978-06-30,34.8
1978-07-07,34.8
1978-07-14,34.8
1978-07-21,34.8
1978-07-28,34.8
1978-08-04,34.8
1978-08-11,34.8
1978-08-18,34.8
1978-08-25,34.8
1978-09-01,34.8
1978-09-08,34.8
1978-09-15,34.8
1978-09-22,34.8
1978-09-29,34.8
1978-10-06,34.8
1978-10-13,34.8
1978-10-20,34.8
1978-10-27,34.8
1978-11-03,34.8
1978-11-10,34.8
1978-11-17,34.8
1978-11-24,34.8
1978-12-01,34.8
1978-12-08,34.8
1978-12-15,34.8
1978-12-22,34.8
1978-12-29,34.8
1979-01-05,34.8
1979-01-12,34.8
1979-01-19,34.8
1979-01-26,34.8
1979-02-02,34.8
1979-02-09,34.8
1979-02-16,34.8
1979-02-23,34.8
1979-03-02,34.8
1979-03-09,34.8
1979-03-16,34.8
1979-03-23,34.8
1979-03-30,34.8
1979-04-06,34.8
1979-04-13,34.8
1979-04-20,34.8
1979-04-27,34.8
1979-05-04,34.8
1979-05-11,34.8
1979-05-18,34.8
1979-05-25,34.8
1979-06-01,34.8
1979-06-08,34.8
1979-06-15,34.8
1979-06-22,34.8
1979-06-29,34.8
1979-07-06,34.8
1979-07-13,34.8
1979-07-20,34.8
1979-07-27,34.8
1979-08-03,34.8
1979-08-10,34.8
1979-08-17,34.8
1979-08-24,34.8
1979-08-31,34.8
1979-09-07,34.8
1979-09-14,34.8
1979-09-21,34.8
1979-09-28,34.8
1979-10-05,34.8
1979-10-12,34.8
1979-10-19,34.8
1979-10-26,34.8
1979-11-02,34.8
1979-11-09,34.8
1979-11-16,34.8
1979-11-23,34.8
1979-11-30,34.8
1979-12-07,34.8
1979-12-14,34.8
1979-12-21,34.8
1979-12-28,34.8
1980-01-04,34.7
1980-01-11,34.7
1980-01-18,34.7
1980-01-25,34.7
1980-02-01,34.7
1980-02-08,34.7
1980-02-15,34.7
1980-02-22,34.7
1980-02-29,34.7
1980-03-07,34.7
1980-03-14,34.7
1980-03-21,34.7
1980-03-28,34.7
1980-04-04,34.7
1980-04-11,34.7
1980-04-18,34.7
1980-04-25,34.7
1980-05-02,34.7
1980-05-09,34.7
1980-05-16,34.7
1980-05-23,34.7
1980-05-30,34.7
1980-06-06,34.7
1980-06-13,34.7
1980-06-20,34.7
1980-06-27,34.7
1980-07-04,34.7
1980-07-11,34.7
1980-07-18,34.7
1980-07-25,34.7
1980-08-01,34.7
1980-08-08,34.7
1980-08-15,34.7
1980-08-22,34.7
1980-08-29,34.7
1980-09-05,34.7
1980-09-12,34.7
1980-09-19,34.7
1980-09-26,34.7
1980-10-03,34.7
1980-10-10,34.7
1980-10-17,34.7
1980-10-24,34.7
1980-10-31,34.7
1980-11-07,34.7
1980-11-14,34.7
1980-11-21,34.7
1980-11-28,34.7
1980-12-05,34.7
1980-12-12,34.7
1980-12-19,34.7
1980-12-26,34.7
1981-01-02,35.5
1981-01-09,35.5
1981-01-16,35.5
1981-01-23,35.5
1981-01-30,35.5
1981-02-06,35.5
1981-02-13,35.5
1981-02-20,35.5
1981-02-27,35.5
1981-03-06,35.5
1981-03-13,35.5
1981-03-20,35.5
1981-03-27,35.5
1981-04-03,35.5
1981-04-10,35.5
1981-04-17,35.5
1981-04-24,35.5
1981-05-01,35.5
1981-05-08,35.5
1981-05-15,35.5
1981-05-22,35.5
1981-05-29,35.5
1981-06-05,35.5
1981-06-12,35.5
1981-06-19,35.5
1981-06-26,35.5
1981-07-03,35.5
1981-07-10,35.5
1981-07-17,35.5
1981-07-24,35.5
1981-07-31,35.5
1981-08-07,35.5
1981-08-14,35.5
1981-08-21,35.5
1981-08-28,35.5
1981-09-04,35.5
1981-09-11,35.5
1981-09-18,35.5
1981-09-25,35.5
1981-10-02,35.5
1981-10-09,35.5
1981-10-16,35.5
1981-10-23,35.5
1981-10-30,35.5
1981-11-06,35.5
1981-11-13,35.5
1981-11-20,35.5
1981-11-27,35.5
1981-12-04,35.5
1981-12-11,35.5
1981-12-18,35.5
1981-12-25,35.5
1982-01-01,36.7
1982-01-08,36.7
1982-01-15,36.7
1982-01-22,36.7
1982-01-29,36.7
1982-02-05,36.7
1982-02-12,36.7
1982-02-19,36.7
1982-02-26,36.7
1982-03-05,36.7
1982-03-12,36.7
1982-03-19,36.7
1982-03-26,36.7
1982-04-02,36.7
1982-04-09,36.7
1982-04-16,36.7
1982-04-23,36.7
1982-04-30,36.7
1982-05-07,36.7
1982-05-14,36.7
1982-05-21,36.7
1982-05-28,36.7
1982-06-04,36.7
1982-06-11,36.7
1982-06-18,36.7
1982-06-25,36.7
1982-07-02,36.7
1982-07-09,36.7
1982-07-16,36.7
1982-07-23,36.7
1982-07-30,36.7
1982-08-06,36.7
1982-08-13,36.7
1982-08-20,36.7
1982-08-27,36.7
1982-09-03,36.7
1982-09-10,36.7
1982-09-17,36.7
1982-09-24,36.7
1982-10-01,36.7
1982-10-08,36.7
1982-10-15,36.7
1982-10-22,36.7
1982-10-29,36.7
1982-11-05,36.7
1982-11-12,36.7
1982-11-19,36.7
1982-11-26,36.7
1982-12-03,36.7
1982-12-10,36.7
1982-12-17,36.7
1982-12-24,36.7
1982-12-31,36.7
1983-01-07,37.3
1983-01-14,37.3
1983-01-21,37.3
1983-01-28,37.3
1983-02-04,37.3
1983-02-11,37.3
1983-02-18,37.3
1983-02-25,37.3
1983-03-04,37.3
1983-03-11,37.3
1983-03-18,37.3
1983-03-25,37.3
1983-04-01,37.3
1983-04-08,37.3
1983-04-15,37.3
1983-04-22,37.3
1983-04-29,37.3
1983-05-06,37.3
1983-05-13,37.3
1983-05-20,37.3
1983-05-27,37.3
1983-06-03,37.3
1983-06-10,37.3
1983-06-17,37.3
1983-06-24,37.3
1983-07-01,37.3
1983-07-08,37.3
1983-07-15,37.3
1983-07-22,37.3
1983-07-29,37.3
1983-08-05,37.3
1983-08-12,37.3
1983-08-19,37.3
1983-08-26,37.3
1983-09-02,37.3
1983-09-09,37.3
1983-09-16,37.3
1983-09-23,37.3
1983-09-30,37.3
1983-10-07,37.3
1983-10-14,37.3
1983-10-21,37.3
1983-10-28,37.3
1983-11-04,37.3
1983-11-11,37.3
1983-11-18,37.3
1983-11-25,37.3
1983-12-02,37.3
1983-12-09,37.3
1983-12-16,37.3
1983-12-23,37.3
1983-12-30,37.3
1984-01-06,37.3
1984-01-13,37.3
1984-01-20,37.3
1984-01-27,37.3
1984-02-03,37.3
1984-02-10,37.3
1984-02-17,37.3
1984-02-24,37.3
1984-03-02,37.3
1984-03-09,37.3
1984-03-16,37.3
1984-03-23,37.3
1984-03-30,37.3
1984-04-06,37.3
1984-04-13,37.3
1984-04-20,37.3
1984-04-27,37.3
1984-05-04,37.3
1984-05-11,37.3
1984-05-18,37.3
1984-05-25,37.3
1984-06-01,37.3
1984-06-08,37.3
1984-06-15,37.3
1984-06-22,37.3
1984-06-29,37.3
1984-07-06,37.3
1984-07-13,37.3
1984-07-20,37.3
1984-07-27,37.3
1984-08-03,37.3
1984-08-10,37.3
1984-08-17,37.3
1984-08-24,37.3
1984-08-31,37.3
1984-09-07,37.3
1984-09-14,37.3
1984-09-21,37.3
1984-09-28,37.3
1984-10-05,37.3
1984-10-12,37.3
1984-10-19,37.3
1984-10-26,37.3
1984-11-02,37.3
1984-11-09,37.3
1984-11-16,37.3
1984-11-23,37.3
1984-11-30,37.3
1984-12-07,37.3
1984-12-14,37.3
1984-12-21,37.3
1984-12-28,37.3
1985-01-04,37.6
1985-01-11,37.6
1985-01-18,37.6
1985-01-25,37.6
1985-02-01,37.6
1985-02-08,37.6
1985-02-15,37.6
1985-02-22,37.6
1985-03-01,37.6
1985-03-08,37.6
1985-03-15,37.6
1985-03-22,37.6
1985-03-29,37.6
1985-04-05,37.6
1985-04-12,37.6
1985-04-19,37.6
1985-04-26,37.6
1985-05-03,37.6
1985-05-10,37.6
1985-05-17,37.6
1985-05-24,37.6
1985-05-31,37.6
1985-06-07,37.6
1985-06-14,37.6
1985-06-21,37.6
1985-06-28,37.6
1985-07-05,37.6
1985-07-12,37.6
1985-07-19,37.6
1985-07-26,37.6
1985-08-02,37.6
1985-08-09,37.6
1985-08-16,37.6
1985-08-23,37.6
1985-08-30,37.6
1985-09-06,37.6
1985-09-13,37.6
1985-09-20,37.6
1985-09-27,37.6
1985-10-04,37.6
1985-10-11,37.6
1985-10-18,37.6
1985-10-25,37.6
1985-11-01,37.6
1985-11-08,37.6
1985-11-15,37.6
1985-11-22,37.6
1985-11-29,37.6
1985-12-06,37.6
1985-12-13,37.6
1985-12-20,37.6
1985-12-27,37.6
1986-01-03,37.6
1986-01-10,37.6
1986-01-17,37.6
1986-01-24,37.6
1986-01-31,37.6
1986-02-07,37.6
1986-02-14,37.6
1986-02-21,37.6
1986-02-28,37.6
1986-03-07,37.6
1986-03-14,37.6
1986-03-21,37.6
1986-03-28,37.6
1986-04-04,37.6
1986-04-11,37.6
1986-04-18,37.6
1986-04-25,37.6
1986-05-02,37.6
1986-05-09,37.6
1986-05-16,37.6
1986-05-23,37.6
1986-05-30,37.6
1986-06-06,37.6
1986-06-13,37.6
1986-06-20,37.6
1986-06-27,37.6
1986-07-04,37.6
1986-07-11,37.6
1986-07-18,37.6
1986-07-25,37.6
1986-08-01,37.6
1986-08-08,37.6
1986-08-15,37.6
1986-08-22,37.6
1986-08-29,37.6
1986-09-05,37.6
1986-09-12,37.6
1986-09-19,37.6
1986-09-26,37.6
1986-10-03,37.6
1986-10-10,37.6
1986-10-17,37.6
1986-10-24,37.6
1986-10-31,37.6
1986-11-07,37.6
1986-11-14,37.6
1986-11-21,37.6
1986-11-28,37.6
1986-12-05,37.6
1986-12-12,37.6
1986-12-19,37.6
1986-12-26,37.6
1987-01-02,37.2
1987-01-09,37.2
1987-01-16,37.2
1987-01-23,37.2
1987-01-30,37.2
1987-02-06,37.2
1987-02-13,37.2
1987-02-20,37.2
1987-02-27,37.2
1987-03-06,37.2
1987-03-13,37.2
1987-03-20,37.2
1987-03-27,37.2
1987-04-03,37.2
1987-04-10,37.2
1987-04-17,37.2
1987-04-24,37.2
1987-05-01,37.2
1987-05-08,37.2
1987-05-15,37.2
1987-05-22,37.2
1987-05-29,37.2
1987-06-05,37.2
1987-06-12,37.2
1987-06-19,37.2
1987-06-26,37.2
1987-07-03,37.2
1987-07-10,37.2
1987-07-17,37.2
1987-07-24,37.2
1987-07-31,37.2
1987-08-07,37.2
1987-08-14,37.2
1987-08-21,37.2
1987-08-28,37.2
1987-09-04,37.2
1987-09-11,37.2
1987-09-18,37.2
1987-09-25,37.2
1987-10-02,37.2
1987-10-09,37.2
1987-10-16,37.2
1987-10-23,37.2
1987-10-30,37.2
1987-11-06,37.2
1987-11-13,37.2
1987-11-20,37.2
1987-11-27,37.2
1987-12-04,37.2
1987-12-11,37.2
1987-12-18,37.2
1987-12-25,37.2
1988-01-01,37.7
1988-01-08,37.7
1988-01-15,37.7
1988-01-22,37.7
1988-01-29,37.7
1988-02-05,37.7
1988-02-12,37.7
1988-02-19,37.7
1988-02-26,37.7
1988-03-04,37.7
1988-03-11,37.7
1988-03-18,37.7
1988-03-25,37.7
1988-04-01,37.7
1988-04-08,37.7
1988-04-15,37.7
1988-04-22,37.7
1988-04-29,37.7
1988-05-06,37.7
1988-05-13,37.7
1988-05-20,37.7
1988-05-27,37.7
1988-06-03,37.7
1988-06-10,37.7
1988-06-17,37.7
1988-06-24,37.7
1988-07-01,37.7
1988-07-08,37.7
1988-07-15,37.7
1988-07-22,37.7
1988-07-29,37.7
1988-08-05,37.7
1988-08-12,37.7
1988-08-19,37.7
1988-08-26,37.7
1988-09-02,37.7
1988-09-09,37.7
1988-09-16,37.7
1988-09-23,37.7
1988-09-30,37.7
1988-10-07,37.7
1988-10-14,37.7
1988-10-21,37.7
1988-10-28,37.7
1988-11-04,37.7
1988-11-11,37.7
1988-11-18,37.7
1988-11-25,37.7
1988-12-02,37.7
1988-12-09,37.7
1988-12-16,37.7
1988-12-23,37.7
1988-12-30,37.7
1989-01-06,38.2
1989-01-13,38.2
1989-01-20,38.2
1989-01-27,38.2
1989-02-03,38.2
1989-02-10,38.2
1989-02-17,38.2
1989-02-24,38.2
1989-03-03,38.2
1989-03-10,38.2
1989-03-17,38.2
1989-03-24,38.2
1989-03-31,38.2
1989-04-07,38.2
1989-04-14,38.2
1989-04-21,38.2
1989-04-28,38.2
1989-05-05,38.2
1989-05-12,38.2
1989-05-19,38.2
1989-05-26,38.2
1989-06-02,38.2
1989-06-09,38.2
1989-06-16,38.2
1989-06-23,38.2
1989-06-30,38.2
1989-07-07,38.2
1989-07-14,38.2
1989-07-21,38.2
1989-07-28,38.2
1989-08-04,38.2
1989-08-11,38.2
1989-08-18,38.2
1989-08-25,38.2
1989-09-01,38.2
1989-09-08,38.2
1989-09-15,38.2
1989-09-22,38.2
1989-09-29,38.2
1989-10-06,38.2
1989-10-13,38.2
1989-10-20,38.2
1989-10-27,38.2
1989-11-03,38.2
1989-11-10,38.2
1989-11-17,38.2
1989-11-24,38.2
1989-12-01,38.2
1989-12-08,38.2
1989-12-15,38.2
1989-12-22,38.2
1989-12-29,38.2
1990-01-05,38.3
1990-01-12,38.3
1990-01-19,38.3
1990-01-26,38.3
1990-02-02,38.3
1990-02-09,38.3
1990-02-16,38.3
1990-02-23,38.3
1990-03-02,38.3
1990-03-09,38.3
1990-03-16,38.3
1990-03-23,38.3
1990-03-30,38.3
1990-04-06,38.3
1990-04-13,38.3
1990-04-20,38.3
1990-04-27,38.3
1990-05-04,38.3
1990-05-11,38.3
1990-05-18,38.3
1990-05-25,38.3
1990-06-01,38.3
1990-06-08,38.3
1990-06-15,38.3
1990-06-22,38.3
1990-06-29,38.3
1990-07-06,38.3
1990-07-13,38.3
1990-07-20,38.3
1990-07-27,38.3
1990-08-03,38.3
1990-08-10,38.3
1990-08-17,38.3
1990-08-24,38.3
1990-08-31,38.3
1990-09-07,38.3
1990-09-14,38.3
1990-09-21,38.3
1990-09-28,38.3
1990-10-05,38.3
1990-10-12,38.3
1990-10-19,38.3
1990-10-26,38.3
1990-11-02,38.3
1990-11-09,38.3
1990-11-16,38.3
1990-11-23,38.3
1990-11-30,38.3
1990-12-07,38.3
1990-12-14,38.3
1990-12-21,38.3
1990-12-28,38.3
1991-01-04,38.0
1991-01-11,38.0
1991-01-18,38.0
1991-01-25,38.0
1991-02-01,38.0
1991-02-08,38.0
1991-02-15,38.0
1991-02-22,38.0
1991-03-01,38.0
1991-03-08,38.0
1991-03-15,38.0
1991-03-22,38.0
1991-03-29,38.0
1991-04-05,38.0
1991-04-12,38.0
1991-04-19,38.0
1991-04-26,38.0
1991-05-03,38.0
1991-05-10,38.0
1991-05-17,38.0
1991-05-24,38.0
1991-05-31,38.0
1991-06-07,38.0
1991-06-14,38.0
1991-06-21,38.0
1991-06-28,38.0
1991-07-05,38.0
1991-07-12,38.0
1991-07-19,38.0
1991-07-26,38.0
1991-08-02,38.0
1991-08-09,38.0
1991-08-16,38.0
1991-08-23,38.0
1991-08-30,38.0
1991-09-06,38.0
1991-09-13,38.0
1991-09-20,38.0
1991-09-27,38.0
1991-10-04,38.0
1991-10-11,38.0
1991-10-18,38.0
1991-10-25,38.0
1991-11-01,38.0
1991-11-08,38.0
1991-11-15,38.0
1991-11-22,38.0
1991-11-29,38.0
1991-12-06,38.0
1991-12-13,38.0
1991-12-20,38.0
1991-12-27,38.0
1992-01-03,38.4
1992-01-10,38.4
1992-01-17,38.4
1992-01-24,38.4
1992-01-31,38.4
1992-02-07,38.4
1992-02-14,38.4
1992-02-21,38.4
1992-02-28,38.4
1992-03-06,38.4
1992-03-13,38.4
1992-03-20,38.4
1992-03-27,38.4
1992-04-03,38.4
1992-04-10,38.4
1992-04-17,38.4
1992-04-24,38.4
1992-05-01,38.4
1992-05-08,38.4
1992-05-15,38.4
1992-05-22,38.4
1992-05-29,38.4
1992-06-05,38.4
1992-06-12,38.4
1992-06-19,38.4
1992-06-26,38.4
1992-07-03,38.4
1992-07-10,38.4
1992-07-17,38.4
1992-07-24,38.4
1992-07-31,38.4
1992-08-07,38.4
1992-08-14,38.4
1992-08-21,38.4
1992-08-28,38.4
1992-09-04,38.4
1992-09-11,38.4
1992-09-18,38.4
1992-09-25,38.4
1992-10-02,38.4
1992-10-09,38.4
1992-10-16,38.4
1992-10-23,38.4
1992-10-30,38.4
1992-11-06,38.4
1992-11-13,38.4
1992-11-20,38.4
1992-11-27,38.4
1992-12-04,38.4
1992-12-11,38.4
1992-12-18,38.4
1992-12-25,38.4
1993-01-01,40.4
1993-01-08,40.4
1993-01-15,40.4
1993-01-22,40.4
1993-01-29,40.4
1993-02-05,40.4
1993-02-12,40.4
1993-02-19,40.4
1993-02-26,40.4
1993-03-05,40.4
1993-03-12,40.4
1993-03-19,40.4
1993-03-26,40.4
1993-04-02,40.4
1993-04-09,40.4
1993-04-16,40.4
1993-04-23,40.4
1993-04-30,40.4
1993-05-07,40.4
1993-05-14,40.4
1993-05-21,40.4
1993-05-28,40.4
1993-06-04,40.4
1993-06-11,40.4
1993-06-18,40.4
1993-06-25,40.4
1993-07-02,40.4
1993-07-09,40.4
1993-07-16,40.4
1993-07-23,40.4
1993-07-30,40.4
1993-08-06,40.4
1993-08-13,40.4
1993-08-20,40.4
1993-08-27,40.4
1993-09-03,40.4
1993-09-10,40.4
1993-09-17,40.4
1993-09-24,40.4
1993-10-01,40.4
1993-10-08,40.4
1993-10-15,40.4
1993-10-22,40.4
1993-10-29,40.4
1993-11-05,40.4
1993-11-12,40.4
1993-11-19,40.4
1993-11-26,40.4
1993-12-03,40.4
1993-12-10,40.4
1993-12-17,40.4
1993-12-24,40.4
1993-12-31,40.4
1994-01-07,40.0
1994-01-14,40.0
1994-01-21,40.0
1994-01-28,40.0
1994-02-04,40.0
1994-02-11,40.0
1994-02-18,40.0
1994-02-25,40.0
1994-03-04,40.0
1994-03-11,40.0
1994-03-18,40.0
1994-03-25,40.0
1994-04-01,40.0
1994-04-08,40.0
1994-04-15,40.0
1994-04-22,40.0
1994-04-29,40.0
1994-05-06,40.0
1994-05-13,40.0
1994-05-20,40.0
1994-05-27,40.0
1994-06-03,40.0
1994-06-10,40.0
1994-06-17,40.0
1994-06-24,40.0
1994-07-01,40.0
1994-07-08,40.0
1994-07-15,40.0
1994-07-22,40.0
1994-07-29,40.0
1994-08-05,40.0
1994-08-12,40.0
1994-08-19,40.0
1994-08-26,40.0
1994-09-02,40.0
1994-09-09,40.0
1994-09-16,40.0
1994-09-23,40.0
1994-09-30,40.0
1994-10-07,40.0
1994-10-14,40.0
1994-10-21,40.0
1994-10-28,40.0
1994-11-04,40.0
1994-11-11,40.0
1994-11-18,40.0
1994-11-25,40.0
1994-12-02,40.0
1994-12-09,40.0
1994-12-16,40.0
1994-12-23,40.0
1994-12-30,40.0
1995-01-06,39.9
1995-01-13,39.9
1995-01-20,39.9
1995-01-27,39.9
1995-02-03,39.9
1995-02-10,39.9
1995-02-17,39.9
1995-02-24,39.9
1995-03-03,39.9
1995-03-10,39.9
1995-03-17,39.9
1995-03-24,39.9
1995-03-31,39.9
1995-04-07,39.9
1995-04-14,39.9
1995-04-21,39.9
1995-04-28,39.9
1995-05-05,39.9
1995-05-12,39.9
1995-05-19,39.9
1995-05-26,39.9
1995-06-02,39.9
1995-06-09,39.9
1995-06-16,39.9
1995-06-23,39.9
1995-06-30,39.9
1995-07-07,39.9
1995-07-14,39.9
1995-07-21,39.9
1995-07-28,39.9
1995-08-04,39.9
1995-08-11,39.9
1995-08-18,39.9
1995-08-25,39.9
1995-09-01,39.9
1995-09-08,39.9
1995-09-15,39.9
1995-09-22,39.9
1995-09-29,39.9
1995-10-06,39.9
1995-10-13,39.9
1995-10-20,39.9
1995-10-27,39.9
1995-11-03,39.9
1995-11-10,39.9
1995-11-17,39.9
1995-11-24,39.9
1995-12-01,39.9
1995-12-08,39.9
1995-12-15,39.9
1995-12-22,39.9
1995-12-29,39.9
1996-01-05,40.3
1996-01-12,40.3
1996-01-19,40.3
1996-01-26,40.3
1996-02-02,40.3
1996-02-09,40.3
1996-02-16,40.3
1996-02-23,40.3
1996-03-01,40.3
1996-03-08,40.3
1996-03-15,40.3
1996-03-22,40.3
1996-03-29,40.3
1996-04-05,40.3
1996-04-12,40.3
1996-04-19,40.3
1996-04-26,40.3
1996-05-03,40.3
1996-05-10,40.3
1996-05-17,40.3
1996-05-24,40.3
1996-05-31,40.3
1996-06-07,40.3
1996-06-14,40.3
1996-06-21,40.3
1996-06-28,40.3
1996-07-05,40.3
1996-07-12,40.3
1996-07-19,40.3
1996-07-26,40.3
1996-08-02,40.3
1996-08-09,40.3
1996-08-16,40.3
1996-08-23,40.3
1996-08-30,40.3
1996-09-06,40.3
1996-09-13,40.3
1996-09-20,40.3
1996-09-27,40.3
1996-10-04,40.3
1996-10-11,40.3
1996-10-18,40.3
1996-10-25,40.3
1996-11-01,40.3
1996-11-08,40.3
1996-11-15,40.3
1996-11-22,40.3
1996-11-29,40.3
1996-12-06,40.3
1996-12-13,40.3
1996-12-20,40.3
1996-12-27,40.3
1997-01-03,40.5
1997-01-10,40.5
1997-01-17,40.5
1997-01-24,40.5
1997-01-31,40.5
1997-02-07,40.5
1997-02-14,40.5
1997-02-21,40.5
1997-02-28,40.5
1997-03-07,40.5
1997-03-14,40.5
1997-03-21,40.5
1997-03-28,40.5
1997-04-04,40.5
1997-04-11,40.5
1997-04-18,40.5
1997-04-25,40.5
1997-05-02,40.5
1997-05-09,40.5
1997-05-16,40.5
1997-05-23,40.5
1997-05-30,40.5
1997-06-06,40.5
1997-06-13,40.5
1997-06-20,40.5
1997-06-27,40.5
1997-07-04,40.5
1997-07-11,40.5
1997-07-18,40.5
1997-07-25,40.5
1997-08-01,40.5
1997-08-08,40.5
1997-08-15,40.5
1997-08-22,40.5
1997-08-29,40.5
1997-09-05,40.5
1997-09-12,40.5
1997-09-19,40.5
1997-09-26,40.5
1997-10-03,40.5
1997-10-10,40.5
1997-10-17,40.5
1997-10-24,40.5
1997-10-31,40.5
1997-11-07,40.5
1997-11-14,40.5
1997-11-21,40.5
1997-11-28,40.5
1997-12-05,40.5
1997-12-12,40.5
1997-12-19,40.5
1997-12-26,40.5
1998-01-02,40.0
1998-01-09,40.0
1998-01-16,40.0
1998-01-23,40.0
1998-01-30,40.0
1998-02-06,40.0
1998-02-13,40.0
1998-02-20,40.0
1998-02-27,40.0
1998-03-06,40.0
1998-03-13,40.0
1998-03-20,40.0
1998-03-27,40.0
1998-04-03,40.0
1998-04-10,40.0
1998-04-17,40.0
1998-04-24,40.0
1998-05-01,40.0
1998-05-08,40.0
1998-05-15,40.0
1998-05-22,40.0
1998-05-29,40.0
1998-06-05,40.0
1998-06-12,40.0
1998-06-19,40.0
1998-06-26,40.0
1998-07-03,40.0
1998-07-10,40.0
1998-07-17,40.0
1998-07-24,40.0
1998-07-31,40.0
1998-08-07,40.0
1998-08-14,40.0
1998-08-21,40.0
1998-08-28,40.0
1998-09-04,40.0
1998-09-11,40.0
1998-09-18,40.0
1998-09-25,40.0
1998-10-02,40.0
1998-10-09,40.0
1998-10-16,40.0
1998-10-23,40.0
1998-10-30,40.0
1998-11-06,40.0
1998-11-13,40.0
1998-11-20,40.0
1998-11-27,40.0
1998-12-04,40.0
1998-12-11,40.0
1998-12-18,40.0
1998-12-25,40.0
1999-01-01,40.0
1999-01-08,40.0
1999-01-15,40.0
1999-01-22,40.0
1999-01-29,40.0
1999-02-05,40.0
1999-02-12,40.0
1999-02-19,40.0
1999-02-26,40.0
1999-03-05,40.0
1999-03-12,40.0
1999-03-19,40.0
1999-03-26,40.0
1999-04-02,40.0
1999-04-09,40.0
1999-04-16,40.0
1999-04-23,40.0
1999-04-30,40.0
1999-05-07,40.0
1999-05-14,40.0
1999-05-21,40.0
1999-05-28,40.0
1999-06-04,40.0
1999-06-11,40.0
1999-06-18,40.0
1999-06-25,40.0
1999-07-02,40.0
1999-07-09,40.0
1999-07-16,40.0
1999-07-23,40.0
1999-07-30,40.0
1999-08-06,40.0
1999-08-13,40.0
1999-08-20,40.0
1999-08-27,40.0
1999-09-03,40.0
1999-09-10,40.0
1999-09-17,40.0
1999-09-24,40.0
1999-10-01,40.0
1999-10-08,40.0
1999-10-15,40.0
1999-10-22,40.0
1999-10-29,40.0
1999-11-05,40.0
1999-11-12,40.0
1999-11-19,40.0
1999-11-26,40.0
1999-12-03,40.0
1999-12-10,40.0
1999-12-17,40.0
1999-12-24,40.0
1999-12-31,40.0
2000-01-07,40.1
2000-01-14,40.1
2000-01-21,40.1
2000-01-28,40.1
2000-02-04,40.1
2000-02-11,40.1
2000-02-18,40.1
2000-02-25,40.1
2000-03-03,40.1
2000-03-10,40.1
2000-03-17,40.1
2000-03-24,40.1
2000-03-31,40.1
2000-04-07,40.1
2000-04-14,40.1
2000-04-21,40.1
2000-04-28,40.1
2000-05-05,40.1
2000-05-12,40.1
2000-05-19,40.1
2000-05-26,40.1
2000-06-02,40.1
2000-06-09,40.1
2000-06-16,40.1
2000-06-23,40.1
2000-06-30,40.1
2000-07-07,40.1
2000-07-14,40.1
2000-07-21,40.1
2000-07-28,40.1
2000-08-04,40.1
2000-08-11,40.1
2000-08-18,40.1
2000-08-25,40.1
2000-09-01,40.1
2000-09-08,40.1
2000-09-15,40.1
2000-09-22,40.1
2000-09-29,40.1
2000-10-06,40.1
2000-10-13,40.1
2000-10-20,40.1
2000-10-27,40.1
2000-11-03,40.1
2000-11-10,40.1
2000-11-17,40.1
2000-11-24,40.1
2000-12-01,40.1
2000-12-08,40.1
2000-12-15,40.1
2000-12-22,40.1
2000-12-29,40.1
2001-01-05,40.6
2001-01-12,40.6
2001-01-19,40.6
2001-01-26,40.6
2001-02-02,40.6
2001-02-09,40.6
2001-02-16,40.6
2001-02-23,40.6
2001-03-02,40.6
2001-03-09,40.6
2001-03-16,40.6
2001-03-23,40.6
2001-03-30,40.6
2001-04-06,40.6
2001-04-13,40.6
2001-04-20,40.6
2001-04-27,40.6
2001-05-04,40.6
2001-05-11,40.6
2001-05-18,40.6
2001-05-25,40.6
2001-06-01,40.6
2001-06-08,40.6
2001-06-15,40.6
2001-06-22,40.6
2001-06-29,40.6
2001-07-06,40.6
2001-07-13,40.6
2001-07-20,40.6
2001-07-27,40.6
2001-08-03,40.6
2001-08-10,40.6
2001-08-17,40.6
2001-08-24,40.6
2001-08-31,40.6
2001-09-07,40.6
2001-09-14,40.6
2001-09-21,40.6
2001-09-28,40.6
2001-10-05,40.6
2001-10-12,40.6
2001-10-19,40.6
2001-10-26,40.6
2001-11-02,40.6
2001-11-09,40.6
2001-11-16,40.6
2001-11-23,40.6
2001-11-30,40.6
2001-12-07,40.6
2001-12-14,40.6
2001-12-21,40.6
2001-12-28,40.6
2002-01-04,40.4
2002-01-11,40.4
2002-01-18,40.4
2002-01-25,40.4
2002-02-01,40.4
2002-02-08,40.4
2002-02-15,40.4
2002-02-22,40.4
2002-03-01,40.4
2002-03-08,40.4
2002-03-15,40.4
2002-03-22,40.4
2002-03-29,40.4
2002-04-05,40.4
2002-04-12,40.4
2002-04-19,40.4
2002-04-26,40.4
2002-05-03,40.4
2002-05-10,40.4
2002-05-17,40.4
2002-05-24,40.4
2002-05-31,40.4
2002-06-07,40.4
2002-06-14,40.4
2002-06-21,40.4
2002-06-28,40.4
2002-07-05,40.4
2002-07-12,40.4
2002-07-19,40.4
2002-07-26,40.4
2002-08-02,40.4
2002-08-09,40.4
2002-08-16,40.4
2002-08-23,40.4
2002-08-30,40.4
2002-09-06,40.4
2002-09-13,40.4
2002-09-20,40.4
2002-09-27,40.4
2002-10-04,40.4
2002-10-11,40.4
2002-10-18,40.4
2002-10-25,40.4
2002-11-01,40.4
2002-11-08,40.4
2002-11-15,40.4
2002-11-22,40.4
2002-11-29,40.4
2002-12-06,40.4
2002-12-13,40.4
2002-12-20,40.4
2002-12-27,40.4
2003-01-03,40.8
2003-01-10,40.8
2003-01-17,40.8
2003-01-24,40.8
2003-01-31,40.8
2003-02-07,40.8
2003-02-14,40.8
2003-02-21,40.8
2003-02-28,40.8
2003-03-07,40.8
2003-03-14,40.8
2003-03-21,40.8
2003-03-28,40.8
2003-04-04,40.8
2003-04-11,40.8
2003-04-18,40.8
2003-04-25,40.8
2003-05-02,40.8
2003-05-09,40.8
2003-05-16,40.8
2003-05-23,40.8
2003-05-30,40.8
2003-06-06,40.8
2003-06-13,40.8
2003-06-20,40.8
2003-06-27,40.8
2003-07-04,40.8
2003-07-11,40.8
2003-07-18,40.8
2003-07-25,40.8
2003-08-01,40.8
2003-08-08,40.8
2003-08-15,40.8
2003-08-22,40.8
2003-08-29,40.8
2003-09-05,40.8
2003-09-12,40.8
2003-09-19,40.8
2003-09-26,40.8
2003-10-03,40.8
2003-10-10,40.8
2003-10-17,40.8
2003-10-24,40.8
2003-10-31,40.8
2003-11-07,40.8
2003-11-14,40.8
2003-11-21,40.8
2003-11-28,40.8
2003-12-05,40.8
2003-12-12,40.8
2003-12-19,40.8
2003-12-26,40.8
2004-01-02,40.5
2004-01-09,40.5
2004-01-16,40.5
2004-01-23,40.5
2004-01-30,40.5
2004-02-06,40.5
2004-02-13,40.5
2004-02-20,40.5
2004-02-27,40.5
2004-03-05,40.5
2004-03-12,40.5
2004-03-19,40.5
2004-03-26,40.5
2004-04-02,40.5
2004-04-09,40.5
2004-04-16,40.5
2004-04-23,40.5
2004-04-30,40.5
2004-05-07,40.5
2004-05-14,40.5
2004-05-21,40.5
2004-05-28,40.5
2004-06-04,40.5
2004-06-11,40.5
2004-06-18,40.5
2004-06-25,40.5
2004-07-02,40.5
2004-07-09,40.5
2004-07-16,40.5
2004-07-23,40.5
2004-07-30,40.5
2004-08-06,40.5
2004-08-13,40.5
2004-08-20,40.5
2004-08-27,40.5
2004-09-03,40.5
2004-09-10,40.5
2004-09-17,40.5
2004-09-24,40.5
2004-10-01,40.5
2004-10-08,40.5
2004-10-15,40.5
2004-10-22,40.5
2004-10-29,40.5
2004-11-05,40.5
2004-11-12,40.5
2004-11-19,40.5
2004-11-26,40.5
2004-12-03,40.5
2004-12-10,40.5
2004-12-17,40.5
2004-12-24,40.5
2004-12-31,40.5
2005-01-07,41.3
2005-01-14,41.3
2005-01-21,41.3
2005-01-28,41.3
2005-02-04,41.3
2005-02-11,41.3
2005-02-18,41.3
2005-02-25,41.3
2005-03-04,41.3
2005-03-11,41.3
2005-03-18,41.3
2005-03-25,41.3
2005-04-01,41.3
2005-04-08,41.3
2005-04-15,41.3
2005-04-22,41.3
2005-04-29,41.3
2005-05-06,41.3
2005-05-13,41.3
2005-05-20,41.3
2005-05-27,41.3
2005-06-03,41.3
2005-06-10,41.3
2005-06-17,41.3
2005-06-24,41.3
2005-07-01,41.3
2005-07-08,41.3
2005-07-15,41.3
2005-07-22,41.3
2005-07-29,41.3
2005-08-05,41.3
2005-08-12,41.3
2005-08-19,41.3
2005-08-26,41.3
2005-09-02,41.3
2005-09-09,41.3
2005-09-16,41.3
2005-09-23,41.3
2005-09-30,41.3
2005-10-07,41.3
2005-10-14,41.3
2005-10-21,41.3
2005-10-28,41.3
2005-11-04,41.3
2005-11-11,41.3
2005-11-18,41.3
2005-11-25,41.3
2005-12-02,41.3
2005-12-09,41.3
2005-12-16,41.3
2005-12-23,41.3
2005-12-30,41.3
2006-01-06,41.7
2006-01-13,41.7
2006-01-20,41.7
2006-01-27,41.7
2006-02-03,41.7
2006-02-10,41.7
2006-02-17,41.7
2006-02-24,41.7
2006-03-03,41.7
2006-03-10,41.7
2006-03-17,41.7
2006-03-24,41.7
2006-03-31,41.7
2006-04-07,41.7
2006-04-14,41.7
2006-04-21,41.7
2006-04-28,41.7
2006-05-05,41.7
2006-05-12,41.7
2006-05-19,41.7
2006-05-26,41.7
2006-06-02,41.7
2006-06-09,41.7
2006-06-16,41.7
2006-06-23,41.7
2006-06-30,41.7
2006-07-07,41.7
2006-07-14,41.7
2006-07-21,41.7
2006-07-28,41.7
2006-08-04,41.7
2006-08-11,41.7
2006-08-18,41.7
2006-08-25,41.7
2006-09-01,41.7
2006-09-08,41.7
2006-09-15,41.7
2006-09-22,41.7
2006-09-29,41.7
2006-10-06,41.7
2006-10-13,41.7
2006-10-20,41.7
2006-10-27,41.7
2006-11-03,41.7
2006-11-10,41.7
2006-11-17,41.7
2006-11-24,41.7
2006-12-01,41.7
2006-12-08,41.7
2006-12-15,41.7
2006-12-22,41.7
2006-12-29,41.7
2007-01-05,41.1
2007-01-12,41.1
2007-01-19,41.1
2007-01-26,41.1
2007-02-02,41.1
2007-02-09,41.1
2007-02-16,41.1
2007-02-23,41.1
2007-03-02,41.1
2007-03-09,41.1
2007-03-16,41.1
2007-03-23,41.1
2007-03-30,41.1
2007-04-06,41.1
2007-04-13,41.1
2007-04-20,41.1
2007-04-27,41.1
2007-05-04,41.1
2007-05-11,41.1
2007-05-18,41.1
2007-05-25,41.1
2007-06-01,41.1
2007-06-08,41.1
2007-06-15,41.1
2007-06-22,41.1
2007-06-29,41.1
2007-07-06,41.1
2007-07-13,41.1
2007-07-20,41.1
2007-07-27,41.1
2007-08-03,41.1
2007-08-10,41.1
2007-08-17,41.1
2007-08-24,41.1
2007-08-31,41.1
2007-09-07,41.1
2007-09-14,41.1
2007-09-21,41.1
2007-09-28,41.1
2007-10-05,41.1
2007-10-12,41.1
2007-10-19,41.1
2007-10-26,41.1
2007-11-02,41.1
2007-11-09,41.1
2007-11-16,41.1
2007-11-23,41.1
2007-11-30,41.1
2007-12-07,41.1
2007-12-14,41.1
2007-12-21,41.1
2007-12-28,41.1
2008-01-04,41.1
2008-01-11,41.1
2008-01-18,41.1
2008-01-25,41.1
2008-02-01,41.1
2008-02-08,41.1
2008-02-15,41.1
2008-02-22,41.1
2008-02-29,41.1
2008-03-07,41.1
2008-03-14,41.1
2008-03-21,41.1
2008-03-28,41.1
2008-04-04,41.1
2008-04-11,41.1
2008-04-18,41.1
2008-04-25,41.1
2008-05-02,41.1
2008-05-09,41.1
2008-05-16,41.1
2008-05-23,41.1
2008-05-30,41.1
2008-06-06,41.1
2008-06-13,41.1
2008-06-20,41.1
2008-06-27,41.1
2008-07-04,41.1
2008-07-11,41.1
2008-07-18,41.1
2008-07-25,41.1
2008-08-01,41.1
2008-08-08,41.1
2008-08-15,41.1
2008-08-22,41.1
2008-08-29,41.1
2008-09-05,41.1
2008-09-12,41.1
2008-09-19,41.1
2008-09-26,41.1
2008-10-03,41.1
2008-10-10,41.1
2008-10-17,41.1
2008-10-24,41.1
2008-10-31,41.1
2008-11-07,41.1
2008-11-14,41.1
2008-11-21,41.1
2008-11-28,41.1
2008-12-05,41.1
2008-12-12,41.1
2008-12-19,41.1
2008-12-26,41.1
2009-01-02,40.8
2009-01-09,40.8
2009-01-16,40.8
2009-01-23,40.8
2009-01-30,40.8
2009-02-06,40.8
2009-02-13,40.8
2009-02-20,40.8
2009-02-27,40.8
2009-03-06,40.8
2009-03-13,40.8
2009-03-20,40.8
2009-03-27,40.8
2009-04-03,40.8
2009-04-10,40.8
2009-04-17,40.8
2009-04-24,40.8
2009-05-01,40.8
2009-05-08,40.8
2009-05-15,40.8
2009-05-22,40.8
2009-05-29,40.8
2009-06-05,40.8
2009-06-12,40.8
2009-06-19,40.8
2009-06-26,40.8
2009-07-03,40.8
2009-07-10,40.8
2009-07-17,40.8
2009-07-24,40.8
2009-07-31,40.8
2009-08-07,40.8
2009-08-14,40.8
2009-08-21,40.8
2009-08-28,40.8
2009-09-04,40.8
2009-09-11,40.8
2009-09-18,40.8
2009-09-25,40.8
2009-10-02,40.8
2009-10-09,40.8
2009-10-16,40.8
2009-10-23,40.8
2009-10-30,40.8
2009-11-06,40.8
2009-11-13,40.8
2009-11-20,40.8
2009-11-27,40.8
2009-12-04,40.8
2009-12-11,40.8
2009-12-18,40.8
2009-12-25,40.8
2010-01-01,40.2
2010-01-08,40.2
2010-01-15,40.2
2010-01-22,40.2
2010-01-29,40.2
2010-02-05,40.2
2010-02-12,40.2
2010-02-19,40.2
2010-02-26,40.2
2010-03-05,40.2
2010-03-12,40.2
2010-03-19,40.2
2010-03-26,40.2
2010-04-02,40.2
2010-04-09,40.2
2010-04-16,40.2
2010-04-23,40.2
2010-04-30,40.2
2010-05-07,40.2
2010-05-14,40.2
2010-05-21,40.2
2010-05-28,40.2
2010-06-04,40.2
2010-06-11,40.2
2010-06-18,40.2
2010-06-25,40.2
2010-07-02,40.2
2010-07-09,40.2
2010-07-16,40.2
2010-07-23,40.2
2010-07-30,40.2
2010-08-06,40.2
2010-08-13,40.2
2010-08-20,40.2
2010-08-27,40.2
2010-09-03,40.2
2010-09-10,40.2
2010-09-17,40.2
2010-09-24,40.2
2010-10-01,40.2
2010-10-08,40.2
2010-10-15,40.2
2010-10-22,40.2
2010-10-29,40.2
2010-11-05,40.2
2010-11-12,40.2
2010-11-19,40.2
2010-11-26,40.2
2010-12-03,40.2
2010-12-10,40.2
2010-12-17,40.2
2010-12-24,40.2
2010-12-31,40.2
2011-01-07,41.2
2011-01-14,41.2
2011-01-21,41.2
2011-01-28,41.2
2011-02-04,41.2
2011-02-11,41.2
2011-02-18,41.2
2011-02-25,41.2
2011-03-04,41.2
2011-03-11,41.2
2011-03-18,41.2
2011-03-25,41.2
2011-04-01,41.2
2011-04-08,41.2
2011-04-15,41.2
2011-04-22,41.2
2011-04-29,41.2
2011-05-06,41.2
2011-05-13,41.2
2011-05-20,41.2
2011-05-27,41.2
2011-06-03,41.2
2011-06-10,41.2
2011-06-17,41.2
2011-06-24,41.2
2011-07-01,41.2
2011-07-08,41.2
2011-07-15,41.2
2011-07-22,41.2
2011-07-29,41.2
2011-08-05,41.2
2011-08-12,41.2
2011-08-19,41.2
2011-08-26,41.2
2011-09-02,41.2
2011-09-09,41.2
2011-09-16,41.2
2011-09-23,41.2
2011-09-30,41.2
2011-10-07,41.2
2011-10-14,41.2
2011-10-21,41.2
2011-10-28,41.2
2011-11-04,41.2
2011-11-11,41.2
2011-11-18,41.2
2011-11-25,41.2
2011-12-02,41.2
2011-12-09,41.2
2011-12-16,41.2
2011-12-23,41.2
2011-12-30,41.2
2012-01-06,41.2
2012-01-13,41.2
2012-01-20,41.2
2012-01-27,41.2
2012-02-03,41.2
2012-02-10,41.2
2012-02-17,41.2
2012-02-24,41.2
2012-03-02,41.2
2012-03-09,41.2
2012-03-16,41.2
2012-03-23,41.2
2012-03-30,41.2
2012-04-06,41.2
2012-04-13,41.2
2012-04-20,41.2
2012-04-27,41.2
2012-05-04,41.2
2012-05-11,41.2
2012-05-18,41.2
2012-05-25,41.2
2012-06-01,41.2
2012-06-08,41.2
2012-06-15,41.2
2012-06-22,41.2
2012-06-29,41.2
2012-07-06,41.2
2012-07-13,41.2
2012-07-20,41.2
2012-07-27,41.2
2012-08-03,41.2
2012-08-10,41.2
2012-08-17,41.2
2012-08-24,41.2
2012-08-31,41.2
2012-09-07,41.2
2012-09-14,41.2
2012-09-21,41.2
2012-09-28,41.2
2012-10-05,41.2
2012-10-12,41.2
2012-10-19,41.2
2012-10-26,41.2
2012-11-02,41.2
2012-11-09,41.2
2012-11-16,41.2
2012-11-23,41.2
2012-11-30,41.2
2012-12-07,41.2
2012-12-14,41.2
2012-12-21,41.2
2012-12-28,41.2
2013-01-04,40.9
2013-01-11,40.9
2013-01-18,40.9
2013-01-25,40.9
2013-02-01,40.9
2013-02-08,40.9
2013-02-15,40.9
2013-02-22,40.9
2013-03-01,40.9
2013-03-08,40.9
2013-03-15,40.9
2013-03-22,40.9
2013-03-29,40.9
2013-04-05,40.9
2013-04-12,40.9
2013-04-19,40.9
2013-04-26,40.9
2013-05-03,40.9
2013-05-10,40.9
2013-05-17,40.9
2013-05-24,40.9
2013-05-31,40.9
2013-06-07,40.9
2013-06-14,40.9
2013-06-21,40.9
2013-06-28,40.9
2013-07-05,40.9
2013-07-12,40.9
2013-07-19,40.9
2013-07-26,40.9
2013-08-02,40.9
2013-08-09,40.9
2013-08-16,40.9
2013-08-23,40.9
2013-08-30,40.9
2013-09-06,40.9
2013-09-13,40.9
2013-09-20,40.9
2013-09-27,40.9
2013-10-04,40.9
2013-10-11,40.9
2013-10-18,40.9
2013-10-25,40.9
2013-11-01,40.9
2013-11-08,40.9
2013-11-15,40.9
2013-11-22,40.9
2013-11-29,40.9
2013-12-06,40.9
2013-12-13,40.9
2013-12-20,40.9
2013-12-27,40.9
2014-01-03,41.7
2014-01-10,41.7
2014-01-17,41.7
2014-01-24,41.7
2014-01-31,41.7
2014-02-07,41.7
2014-02-14,41.7
2014-02-21,41.7
2014-02-28,41.7
2014-03-07,41.7
2014-03-14,41.7
2014-03-21,41.7
2014-03-28,41.7
2014-04-04,41.7
2014-04-11,41.7
2014-04-18,41.7
2014-04-25,41.7
2014-05-02,41.7
2014-05-09,41.7
2014-05-16,41.7
2014-05-23,41.7
2014-05-30,41.7
2014-06-06,41.7
2014-06-13,41.7
2014-06-20,41.7
2014-06-27,41.7
2014-07-04,41.7
2014-07-11,41.7
2014-07-18,41.7
2014-07-25,41.7
2014-08-01,41.7
2014-08-08,41.7
2014-08-15,41.7
2014-08-22,41.7
2014-08-29,41.7
2014-09-05,41.7
2014-09-12,41.7
2014-09-19,41.7
2014-09-26,41.7
2014-10-03,41.7
2014-10-10,41.7
2014-10-17,41.7
2014-10-24,41.7
2014-10-31,41.7
2014-11-07,41.7
2014-11-14,41.7
2014-11-21,41.7
2014-11-28,41.7
2014-12-05,41.7
2014-12-12,41.7
2014-12-19,41.7
2014-12-26,41.7
2015-01-02,41.5
2015-01-09,41.5
2015-01-16,41.5
2015-01-23,41.5
2015-01-30,41.5
2015-02-06,41.5
2015-02-13,41.5
2015-02-20,41.5
2015-02-27,41.5
2015-03-06,41.5
2015-03-13,41.5
2015-03-20,41.5
2015-03-27,41.5
2015-04-03,41.5
2015-04-10,41.5
2015-04-17,41.5
2015-04-24,41.5
2015-05-01,41.5
2015-05-08,41.5
2015-05-15,41.5
2015-05-22,41.5
2015-05-29,41.5
2015-06-05,41.5
2015-06-12,41.5
2015-06-19,41.5
2015-06-26,41.5
2015-07-03,41.5
2015-07-10,41.5
2015-07-17,41.5
2015-07-24,41.5
2015-07-31,41.5
2015-08-07,41.5
2015-08-14,41.5
2015-08-21,41.5
2015-08-28,41.5
2015-09-04,41.5
2015-09-11,41.5
2015-09-18,41.5
2015-09-25,41.5
2015-10-02,41.5
2015-10-09,41.5
2015-10-16,41.5
2015-10-23,41.5
2015-10-30,41.5
2015-11-06,41.5
2015-11-13,41.5
2015-11-20,41.5
2015-11-27,41.5
2015-12-04,41.5
2015-12-11,41.5
2015-12-18,41.5
2015-12-25,41.5
2016-01-01,41.3
2016-01-08,41.3
2016-01-15,41.3
2016-01-22,41.3
2016-01-29,41.3
2016-02-05,41.3
2016-02-12,41.3
2016-02-19,41.3
2016-02-26,41.3
2016-03-04,41.3
2016-03-11,41.3
2016-03-18,41.3
2016-03-25,41.3
2016-04-01,41.3
2016-04-08,41.3
2016-04-15,41.3
2016-04-22,41.3
2016-04-29,41.3
2016-05-06,41.3
2016-05-13,41.3
2016-05-20,41.3
2016-05-27,41.3
2016-06-03,41.3
2016-06-10,41.3
2016-06-17,41.3
2016-06-24,41.3
2016-07-01,41.3
2016-07-08,41.3
2016-07-15,41.3
2016-07-22,41.3
2016-07-29,41.3
2016-08-05,41.3
2016-08-12,41.3
2016-08-19,41.3
2016-08-26,41.3
2016-09-02,41.3
2016-09-09,41.3
2016-09-16,41.3
2016-09-23,41.3
2016-09-30,41.3
2016-10-07,41.3
2016-10-14,41.3
2016-10-21,41.3
2016-10-28,41.3
2016-11-04,41.3
2016-11-11,41.3
2016-11-18,41.3
2016-11-25,41.3
2016-12-02,41.3
2016-12-09,41.3
2016-12-16,41.3
2016-12-23,41.3
2016-12-30,41.3
2017-01-06,41.4
2017-01-13,41.4
2017-01-20,41.4
2017-01-27,41.4
2017-02-03,41.4
2017-02-10,41.4
2017-02-17,41.4
2017-02-24,41.4
2017-03-03,41.4
2017-03-10,41.4
2017-03-17,41.4
2017-03-24,41.4
2017-03-31,41.4
2017-04-07,41.4
2017-04-14,41.4
2017-04-21,41.4
2017-04-28,41.4
2017-05-05,41.4
2017-05-12,41.4
2017-05-19,41.4
2017-05-26,41.4
2017-06-02,41.4
2017-06-09,41.4
2017-06-16,41.4
2017-06-23,41.4
2017-06-30,41.4
2017-07-07,41.4
2017-07-14,41.4
2017-07-21,41.4
2017-07-28,41.4
2017-08-04,41.4
2017-08-11,41.4
2017-08-18,41.4
2017-08-25,41.4
2017-09-01,41.4
2017-09-08,41.4
2017-09-15,41.4
2017-09-22,41.4
2017-09-29,41.4
2017-10-06,41.4
2017-10-13,41.4
2017-10-20,41.4
2017-10-27,41.4
2017-11-03,41.4
2017-11-10,41.4
2017-11-17,41.4
2017-11-24,41.4
2017-12-01,41.4
2017-12-08,41.4
2017-12-15,41.4
2017-12-22,41.4
2017-12-29,41.4
2018-01-05,41.8
2018-01-12,41.8
2018-01-19,41.8
2018-01-26,41.8
2018-02-02,41.8
2018-02-09,41.8
2018-02-16,41.8
2018-02-23,41.8
2018-03-02,41.8
2018-03-09,41.8
2018-03-16,41.8
2018-03-23,41.8
2018-03-30,41.8
2018-04-06,41.8
2018-04-13,41.8
2018-04-20,41.8
2018-04-27,41.8
2018-05-04,41.8
2018-05-11,41.8
2018-05-18,41.8
2018-05-25,41.8
2018-06-01,41.8
2018-06-08,41.8
2018-06-15,41.8
2018-06-22,41.8
2018-06-29,41.8
2018-07-06,41.8
2018-07-13,41.8
2018-07-20,41.8
2018-07-27,41.8
2018-08-03,41.8
2018-08-10,41.8
2018-08-17,41.8
2018-08-24,41.8
2018-08-31,41.8
2018-09-07,41.8
2018-09-14,41.8
2018-09-21,41.8
2018-09-28,41.8
2018-10-05,41.8
2018-10-12,41.8
2018-10-19,41.8
2018-10-26,41.8
2018-11-02,41.8
2018-11-09,41.8
2018-11-16,41.8
2018-11-23,41.8
2018-11-30,41.8
2018-12-07,41.8
2018-12-14,41.8
2018-12-21,41.8
2018-12-28,41.8
2019-01-04,41.9
2019-01-11,41.9
2019-01-18,41.9
2019-01-25,41.9
2019-02-01,41.9
2019-02-08,41.9
2019-02-15,41.9
2019-02-22,41.9
2019-03-01,41.9
2019-03-08,41.9
2019-03-15,41.9
2019-03-22,41.9
2019-03-29,41.9
2019-04-05,41.9
2019-04-12,41.9
2019-04-19,41.9
2019-04-26,41.9
2019-05-03,41.9
2019-05-10,41.9
2019-05-17,41.9
2019-05-24,41.9
2019-05-31,41.9
2019-06-07,41.9
2019-06-14,41.9
2019-06-21,41.9
2019-06-28,41.9
2019-07-05,41.9
2019-07-12,41.9
2019-07-19,41.9
2019-07-26,41.9
2019-08-02,41.9
2019-08-09,41.9
2019-08-16,41.9
2019-08-23,41.9
2019-08-30,41.9
2019-09-06,41.9
2019-09-13,41.9
2019-09-20,41.9
2019-09-27,41.9
2019-10-04,41.9
2019-10-11,41.9
2019-10-18,41.9
2019-10-25,41.9
2019-11-01,41.9
2019-11-08,41.9
2019-11-15,41.9
2019-11-22,41.9
2019-11-29,41.9
2019-12-06,41.9
2019-12-13,41.9
2019-12-20,41.9
2019-12-27,41.9
2020-01-03,40.0
2020-01-10,40.0
2020-01-17,40.0
2020-01-24,40.0
2020-01-31,40.0
2020-02-07,40.0
2020-02-14,40.0
2020-02-21,40.0
2020-02-28,40.0
2020-03-06,40.0
2020-03-13,40.0
2020-03-20,40.0
2020-03-27,40.0
2020-04-03,40.0
2020-04-10,40.0
2020-04-17,40.0
2020-04-24,40.0
2020-05-01,40.0
2020-05-08,40.0
2020-05-15,40.0
2020-05-22,40.0
2020-05-29,40.0
2020-06-05,40.0
2020-06-12,40.0
2020-06-19,40.0
2020-06-26,40.0
2020-07-03,40.0
2020-07-10,40.0
2020-07-17,40.0
2020-07-24,40.0
2020-07-31,40.0
2020-08-07,40.0
2020-08-14,40.0
2020-08-21,40.0
2020-08-28,40.0
2020-09-04,40.0
2020-09-11,40.0
2020-09-18,40.0
2020-09-25,40.0
2020-10-02,40.0
2020-10-09,40.0
2020-10-16,40.0
2020-10-23,40.0
2020-10-30,40.0
2020-11-06,40.0
2020-11-13,40.0
2020-11-20,40.0
2020-11-27,40.0
2020-12-04,40.0
2020-12-11,40.0
2020-12-18,40.0
2020-12-25,40.0
2021-01-01,39.7
2021-01-08,39.7
2021-01-15,39.7
2021-01-22,39.7
2021-01-29,39.7
2021-02-05,39.7
2021-02-12,39.7
2021-02-19,39.7
2021-02-26,39.7
2021-03-05,39.7
2021-03-12,39.7
2021-03-19,39.7
2021-03-26,39.7
2021-04-02,39.7
2021-04-09,39.7
2021-04-16,39.7
2021-04-23,39.7
2021-04-30,39.7
2021-05-07,39.7
2021-05-14,39.7
2021-05-21,39.7
2021-05-28,39.7
2021-06-04,39.7
2021-06-11,39.7
2021-06-18,39.7
2021-06-25,39.7
2021-07-02,39.7
2021-07-09,39.7
2021-07-16,39.7
2021-07-23,39.7
2021-07-30,39.7
2021-08-06,39.7
2021-08-13,39.7
2021-08-20,39.7
2021-08-27,39.7
2021-09-03,39.7
2021-09-10,39.7
2021-09-17,39.7
2021-09-24,39.7
2021-10-01,39.7
2021-10-08,39.7
2021-10-15,39.7
2021-10-22,39.7
2021-10-29,39.7
2021-11-05,39.7
2021-11-12,39.7
2021-11-19,39.7
2021-11-26,39.7
2021-12-03,39.7
2021-12-10,39.7
2021-12-17,39.7
2021-12-24,39.7
2021-12-31,39.7
2022-01-07,41.7
2022-01-14,41.7
2022-01-21,41.7
2022-01-28,41.7
2022-02-04,41.7
2022-02-11,41.7
2022-02-18,41.7
2022-02-25,41.7
2022-03-04,41.7
2022-03-11,41.7
2022-03-18,41.7
2022-03-25,41.7
2022-04-01,41.7
2022-04-08,41.7
2022-04-15,41.7
2022-04-22,41.7
2022-04-29,41.7
2022-05-06,41.7
2022-05-13,41.7
2022-05-20,41.7
2022-05-27,41.7
2022-06-03,41.7
2022-06-10,41.7
2022-06-17,41.7
2022-06-24,41.7
2022-07-01,41.7
2022-07-08,41.7
2022-07-15,41.7
2022-07-22,41.7
2022-07-29,41.7
2022-08-05,41.7
2022-08-12,41.7
2022-08-19,41.7
2022-08-26,41.7
2022-09-02,41.7
2022-09-09,41.7
2022-09-16,41.7
2022-09-23,41.7
2022-09-30,41.7
2022-10-07,41.7
2022-10-14,41.7
2022-10-21,41.7
2022-10-28,41.7
2022-11-04,41.7
2022-11-11,41.7
2022-11-18,41.7
2022-11-25,41.7
2022-12-02,41.7
2022-12-09,41.7
2022-12-16,41.7
2022-12-23,41.7
2022-12-30,41.7
2023-01-06,41.8
